history_id,customer_id,account_id,payment_date,payment_amount,due_amount,missed_payment,days_late
1,442,115,10/18/2024,27.16,98.77,FALSE,0
2,311,143,3/30/2023,1005.66,1486.12,FALSE,0
3,326,90,12/22/2022,38.19,1201.46,FALSE,0
4,323,224,3/6/2020,303.23,503.69,FALSE,0
5,394,204,2/1/2020,1014.28,1446.24,FALSE,0
6,30,226,7/13/2021,257.59,925.96,FALSE,0
7,400,7,8/6/2023,0,1529.67,TRUE,45
8,205,349,3/4/2024,127.43,591.85,FALSE,0
9,393,345,5/19/2023,94.72,249.31,FALSE,0
10,490,353,4/27/2020,990.56,1227.27,FALSE,0
11,171,471,12/8/2020,1066.18,1095.64,FALSE,0
12,12,81,7/7/2022,934.31,1126.48,FALSE,0
13,79,371,8/3/2022,828.46,1175.84,FALSE,0
14,166,234,3/19/2024,1534.46,1557.48,FALSE,0
15,370,239,11/29/2021,661.28,1739.64,FALSE,0
16,272,374,3/13/2023,130.45,367.18,FALSE,0
17,23,274,3/18/2021,969.65,1418.55,FALSE,0
18,482,176,4/11/2022,267.23,1091.57,FALSE,0
19,278,389,1/17/2020,0,576.4,TRUE,51
20,309,225,2/5/2023,1167.35,1385,FALSE,0
21,75,58,7/1/2024,15.94,496.64,FALSE,0
22,130,411,9/2/2024,0,572.09,TRUE,56
23,34,323,7/31/2020,231.95,464.62,FALSE,0
24,434,470,10/10/2024,45.88,328.6,FALSE,0
25,137,270,9/2/2024,645.51,1506.68,FALSE,0
26,416,409,10/13/2023,0,755.89,TRUE,48
27,421,522,11/9/2019,765.12,1012.36,FALSE,0
28,203,113,5/30/2021,55.68,348.04,FALSE,0
29,131,433,12/12/2023,0,1213,TRUE,48
30,213,480,1/25/2023,1050.48,1081.77,FALSE,0
31,182,12,9/26/2022,157.69,1376.55,FALSE,0
32,69,550,6/13/2023,1163.82,1514.21,FALSE,0
33,442,115,7/11/2023,98.43,622.33,FALSE,0
34,137,270,3/2/2020,1482.15,1945.18,FALSE,0
35,292,109,8/2/2021,0,1747.51,TRUE,48
36,474,520,6/8/2023,0,1237.49,TRUE,31
37,377,166,1/10/2024,857.88,1101.79,FALSE,0
38,178,1,3/7/2020,595.09,1217.94,FALSE,0
39,159,372,8/6/2024,0,1763.51,TRUE,52
40,133,246,4/24/2023,143.07,162.95,FALSE,0
41,12,81,6/19/2024,105.47,217.02,FALSE,0
42,304,546,5/22/2021,0,1543.38,TRUE,52
43,168,170,3/20/2022,0,566.86,TRUE,49
44,401,217,10/10/2020,1405.84,1861.38,FALSE,0
45,483,206,10/30/2022,0,1440.25,TRUE,57
46,344,383,5/14/2022,468.04,904.3,FALSE,0
47,403,254,5/23/2022,0,488.16,TRUE,49
48,33,236,5/28/2022,8.61,1197.46,FALSE,0
49,340,61,8/18/2024,449.49,496.44,FALSE,0
50,74,339,1/31/2021,44.79,188.17,FALSE,0
51,123,498,5/24/2024,61.89,467.76,FALSE,0
52,94,485,4/5/2020,247.76,523.84,FALSE,0
53,112,195,5/15/2021,0,233.94,TRUE,44
54,393,434,4/15/2024,0,851.65,TRUE,53
55,226,101,3/21/2024,122.48,168.19,FALSE,0
56,244,112,11/24/2021,0,534.88,TRUE,54
57,267,144,1/29/2021,0,872.67,TRUE,40
58,70,78,11/2/2022,787.36,914.1,FALSE,0
59,226,101,3/25/2022,148.54,148.65,FALSE,0
60,359,16,9/5/2021,1796.73,1939.54,FALSE,0
61,293,243,4/19/2023,181.78,374.31,FALSE,0
62,130,411,12/16/2023,0,1809.76,TRUE,32
63,84,400,8/14/2022,444.69,567.15,FALSE,0
64,274,293,8/5/2020,0,874.86,TRUE,51
65,264,499,8/12/2021,104.4,351.85,FALSE,0
66,480,60,1/20/2022,639.47,1179.4,FALSE,0
67,27,322,5/14/2022,0,161.47,TRUE,32
68,120,544,5/27/2020,342.99,356.99,FALSE,0
69,374,191,7/12/2023,12.48,183.62,FALSE,0
70,232,241,10/20/2021,0,837.36,TRUE,51
71,145,253,8/7/2021,46.85,1178.89,FALSE,0
72,117,430,6/4/2023,752.81,1331.88,FALSE,0
73,156,268,4/3/2023,321.08,448.31,FALSE,0
74,492,272,8/1/2022,551.98,821.78,FALSE,0
75,212,469,10/5/2024,501.16,666.55,FALSE,0
76,488,10,3/28/2023,942.2,943.66,FALSE,0
77,350,76,3/24/2023,555.66,1098.39,FALSE,0
78,55,358,6/30/2021,1554.28,1767.69,FALSE,0
79,481,292,12/12/2020,298.16,357.61,FALSE,0
80,53,310,5/6/2020,1226.9,1242.77,FALSE,0
81,243,542,6/21/2023,53.32,65.26,FALSE,0
82,465,107,11/18/2020,252.59,1880.91,FALSE,0
83,108,110,7/22/2022,232.82,1497.71,FALSE,0
84,46,216,10/22/2024,295.08,1449.34,FALSE,0
85,495,271,11/7/2022,260.05,1035.55,FALSE,0
86,210,53,8/12/2020,97.41,229.98,FALSE,0
87,373,46,12/3/2021,43.88,56.91,FALSE,0
88,259,269,4/10/2024,161.31,365.08,FALSE,0
89,268,438,4/26/2024,127.96,1143.77,FALSE,0
90,7,153,7/19/2020,0,1113.9,TRUE,56
91,277,152,2/20/2023,37.15,888.08,FALSE,0
92,462,41,8/26/2024,378.75,1802.9,FALSE,0
93,83,106,7/22/2021,414.13,739.67,FALSE,0
94,10,417,12/28/2019,1460.72,1948.98,FALSE,0
95,293,243,12/31/2021,1694.67,1735.98,FALSE,0
96,109,182,4/19/2024,43.84,1768.76,FALSE,0
97,228,341,4/4/2020,0,1575.65,TRUE,34
98,294,255,3/14/2021,449.02,570.27,FALSE,0
99,476,392,6/5/2022,1503.16,1750.73,FALSE,0
100,118,205,4/29/2022,755.97,1642.34,FALSE,0
101,166,234,6/5/2021,319.92,484.7,FALSE,0
102,399,337,5/13/2021,41.19,593.28,FALSE,0
103,375,286,10/7/2020,374.28,734.73,FALSE,0
104,69,550,11/29/2019,19.2,695.74,FALSE,0
105,156,268,5/10/2020,383.29,398.21,FALSE,0
106,161,40,5/5/2023,113.59,261.38,FALSE,0
107,27,322,5/11/2021,0,900.97,TRUE,39
108,158,395,5/16/2021,0,1804.03,TRUE,48
109,227,447,10/1/2024,49.33,53.3,FALSE,0
110,467,202,10/29/2023,53.2,760.23,FALSE,0
111,74,339,12/4/2021,839.28,1265.15,FALSE,0
112,332,308,1/25/2023,692.83,1038.89,FALSE,0
113,4,413,1/28/2024,0,1409.56,TRUE,33
114,443,431,12/4/2020,0,1346.61,TRUE,60
115,186,179,5/15/2023,0,1250.25,TRUE,60
116,178,1,11/16/2021,135.05,642.56,FALSE,0
117,153,330,10/28/2021,0,956.73,TRUE,49
118,73,524,12/19/2020,876.59,972.71,FALSE,0
119,48,174,4/12/2022,378.79,1334.76,FALSE,0
120,489,344,11/14/2020,0,232.11,TRUE,37
121,16,318,9/29/2020,0,488.05,TRUE,46
122,478,48,1/1/2021,250.61,527.44,FALSE,0
123,408,75,8/13/2023,831.25,938.06,FALSE,0
124,367,200,7/3/2020,557.06,1450.77,FALSE,0
125,242,250,8/30/2020,232.25,337.76,FALSE,0
126,108,110,12/13/2021,343.13,1567.92,FALSE,0
127,101,531,7/27/2024,532.81,955.87,FALSE,0
128,269,125,10/21/2022,753.41,940.1,FALSE,0
129,120,544,7/19/2024,1176.85,1976.39,FALSE,0
130,113,454,11/28/2022,895.26,1244.67,FALSE,0
131,395,437,3/27/2024,914.73,1669.61,FALSE,0
132,431,163,7/5/2021,712.07,1500.13,FALSE,0
133,403,254,9/5/2022,0,1687.73,TRUE,40
134,175,534,1/1/2020,238.04,994.96,FALSE,0
135,58,80,3/12/2024,0,1441.41,TRUE,49
136,330,328,5/16/2021,0,1791.4,TRUE,56
137,51,237,6/4/2024,121.77,796.92,FALSE,0
138,451,66,9/30/2020,0,858.99,TRUE,37
139,193,426,6/19/2020,0,171.42,TRUE,38
140,38,21,6/23/2020,1317.3,1720.63,FALSE,0
141,459,489,12/4/2021,21.63,61.5,FALSE,0
142,84,400,3/17/2020,1634.39,1714.22,FALSE,0
143,30,226,7/27/2021,273.49,1002.05,FALSE,0
144,402,30,6/23/2021,0,808.27,TRUE,41
145,425,415,12/29/2020,1228.95,1462.15,FALSE,0
146,266,131,11/8/2020,0,1962.41,TRUE,59
147,249,404,12/17/2019,0,1204.19,TRUE,47
148,329,439,9/26/2024,145.25,314.61,FALSE,0
149,418,267,6/27/2021,167.05,789.25,FALSE,0
150,245,346,10/19/2023,581.73,1534.4,FALSE,0
151,121,432,8/14/2022,0,541.93,TRUE,54
152,93,54,8/7/2023,699.86,1999.82,FALSE,0
153,477,71,5/19/2023,1025.47,1573.4,FALSE,0
154,444,32,1/12/2024,379.13,1901.74,FALSE,0
155,221,157,6/2/2022,243.96,515.16,FALSE,0
156,323,224,10/13/2020,245.18,956.82,FALSE,0
157,170,172,6/8/2023,1186.83,1231.49,FALSE,0
158,164,118,8/26/2021,256.57,1566.69,FALSE,0
159,172,111,11/26/2022,1094.64,1178.44,FALSE,0
160,187,385,1/28/2022,588.8,823.48,FALSE,0
161,354,249,10/17/2021,0,248.71,TRUE,51
162,364,124,11/22/2023,906.99,1602.64,FALSE,0
163,499,356,8/5/2024,0,1088.85,TRUE,34
164,472,519,9/29/2024,16.61,1312.71,FALSE,0
165,197,502,4/20/2020,245.77,255.8,FALSE,0
166,171,471,6/7/2021,622.42,1429.25,FALSE,0
167,222,535,3/27/2023,521.98,1932.67,FALSE,0
168,257,496,3/12/2022,0,956.5,TRUE,42
169,260,275,3/1/2022,0,678.49,TRUE,50
170,25,89,9/27/2022,267.74,593.91,FALSE,0
171,425,476,9/21/2022,775.91,1161.21,FALSE,0
172,402,30,11/17/2022,0,1013.9,TRUE,57
173,453,218,1/13/2020,191.67,741.91,FALSE,0
174,313,283,6/4/2021,0,1133.79,TRUE,48
175,165,88,8/27/2024,0,520.64,TRUE,31
176,235,247,9/3/2024,902.13,1396.69,FALSE,0
177,147,459,7/20/2020,148.53,1596.22,FALSE,0
178,425,415,10/17/2023,428.38,1398.98,FALSE,0
179,316,378,10/7/2024,516.51,972.86,FALSE,0
180,74,339,7/10/2022,333.97,736.03,FALSE,0
181,77,258,9/22/2021,0,499.55,TRUE,55
182,428,123,2/3/2022,1425,1498.62,FALSE,0
183,314,190,2/7/2021,312.8,423.5,FALSE,0
184,10,538,4/7/2023,1190.08,1213.74,FALSE,0
185,56,199,4/29/2024,226.52,627.68,FALSE,0
186,84,15,9/28/2022,181.09,1430.64,FALSE,0
187,14,56,8/25/2020,787.42,1129.05,FALSE,0
188,191,503,1/29/2021,0,250.05,TRUE,53
189,419,481,8/15/2024,335.08,983.49,FALSE,0
190,210,53,7/31/2021,467.34,542.33,FALSE,0
191,225,67,2/14/2021,61.59,831.38,FALSE,0
192,326,55,12/15/2020,0,345.87,TRUE,36
193,262,312,3/13/2020,0,216.1,TRUE,35
194,19,427,4/8/2023,0,1232.32,TRUE,53
195,1,536,7/31/2023,719.3,791.74,FALSE,0
196,21,440,4/7/2021,400.87,645.49,FALSE,0
197,177,102,12/9/2019,394.34,1897.8,FALSE,0
198,495,271,11/4/2021,210.12,1337.83,FALSE,0
199,310,77,9/13/2020,145.12,355.24,FALSE,0
200,372,482,8/7/2020,143.04,617.96,FALSE,0
201,45,290,4/20/2024,0,1420.83,TRUE,60
202,449,240,7/31/2023,1458.77,1851.63,FALSE,0
203,248,203,2/2/2024,478.68,879.02,FALSE,0
204,7,153,6/11/2021,0,1821.4,TRUE,51
205,192,62,1/28/2024,114.91,373.55,FALSE,0
206,280,296,12/21/2019,424.8,906.35,FALSE,0
207,4,413,5/7/2021,0,1888.22,TRUE,36
208,44,449,4/18/2022,8.25,206.86,FALSE,0
209,134,331,5/17/2021,31.74,1227.24,FALSE,0
210,454,22,9/19/2020,1344.01,1999.17,FALSE,0
211,85,42,6/4/2024,269.45,1538.06,FALSE,0
212,197,453,10/25/2020,333.28,1836.34,FALSE,0
213,227,447,4/14/2021,633.26,1287.83,FALSE,0
214,372,482,3/8/2021,242.82,728.52,FALSE,0
215,384,108,9/25/2024,568.11,1722.58,FALSE,0
216,158,508,7/31/2021,578.48,612.02,FALSE,0
217,62,38,12/16/2022,294.67,936.91,FALSE,0
218,287,119,8/25/2022,784.85,1941.86,FALSE,0
219,26,2,3/18/2024,722.97,1332.44,FALSE,0
220,14,56,5/1/2021,150.42,415.79,FALSE,0
221,289,511,1/31/2023,964.85,1269.55,FALSE,0
222,23,274,10/28/2023,1039.9,1120.98,FALSE,0
223,475,497,5/28/2022,279.08,286.78,FALSE,0
224,133,246,12/21/2020,445.64,1434.08,FALSE,0
225,461,418,8/20/2020,0,231.76,TRUE,56
226,91,117,8/6/2021,111.57,949.82,FALSE,0
227,376,158,7/28/2024,732.25,1021.83,FALSE,0
228,150,280,10/24/2019,415.05,860.21,FALSE,0
229,242,250,2/14/2023,136.07,940.73,FALSE,0
230,294,521,8/2/2024,205.48,1505.27,FALSE,0
231,313,283,4/22/2022,0,1556.72,TRUE,35
232,474,520,2/22/2020,0,570.99,TRUE,33
233,32,306,10/18/2023,976.06,1683.08,FALSE,0
234,197,502,8/16/2020,775.77,1737.26,FALSE,0
235,261,354,10/7/2021,532.68,698.26,FALSE,0
236,223,467,1/4/2024,1625.34,1869.06,FALSE,0
237,254,245,12/23/2021,0,1165.01,TRUE,57
238,265,421,9/5/2024,100.62,135.11,FALSE,0
239,49,391,7/20/2020,0,802.85,TRUE,60
240,438,156,4/20/2021,37.61,1015.89,FALSE,0
241,349,340,10/13/2021,1526.27,1745.92,FALSE,0
242,334,103,1/27/2021,0,1075.6,TRUE,51
243,301,148,6/24/2022,556.21,849.46,FALSE,0
244,310,77,7/21/2024,935.78,965.51,FALSE,0
245,172,408,5/27/2020,1121.93,1317.18,FALSE,0
246,233,547,9/30/2022,250.49,791.02,FALSE,0
247,365,500,7/3/2022,62.86,1751.15,FALSE,0
248,232,241,6/25/2022,0,1280.76,TRUE,59
249,302,93,6/12/2023,0,896.24,TRUE,53
250,334,103,10/16/2020,0,915.17,TRUE,32
251,402,30,5/7/2022,0,139.68,TRUE,37
252,98,368,10/1/2024,0,780.94,TRUE,54
253,382,422,7/9/2023,0,1153.56,TRUE,49
254,140,180,10/20/2022,177.64,203.99,FALSE,0
255,235,247,4/2/2024,595.08,1020.45,FALSE,0
256,44,473,12/3/2023,594.64,1293.91,FALSE,0
257,488,10,8/5/2024,838.79,1802.87,FALSE,0
258,381,162,6/17/2023,183.4,194.03,FALSE,0
259,321,307,12/5/2019,549.87,1295.93,FALSE,0
260,151,468,3/20/2024,338.34,1698.34,FALSE,0
261,389,495,12/10/2023,0,257.97,TRUE,45
262,114,303,4/8/2020,586.25,1985.75,FALSE,0
263,179,406,11/19/2022,0,585.24,TRUE,45
264,470,51,9/3/2021,1360.46,1825.7,FALSE,0
265,308,294,8/18/2021,0,1562.69,TRUE,54
266,63,361,5/22/2021,90.7,477.06,FALSE,0
267,411,141,9/17/2020,0,1275.08,TRUE,42
268,462,41,4/27/2021,287.6,652.42,FALSE,0
269,272,374,4/22/2023,133.23,1478.1,FALSE,0
270,136,335,6/20/2024,264.79,1507.59,FALSE,0
271,151,375,6/21/2020,991.28,1085.16,FALSE,0
272,468,169,2/20/2022,454.48,551.09,FALSE,0
273,114,303,2/16/2022,510.03,1505.79,FALSE,0
274,213,480,9/10/2024,271.33,1927.64,FALSE,0
275,24,232,3/5/2021,1250.92,1727.27,FALSE,0
276,151,375,1/29/2020,89.21,226.09,FALSE,0
277,69,550,7/26/2021,107.26,291,FALSE,0
278,259,269,10/1/2020,978.59,1189.89,FALSE,0
279,282,381,7/8/2021,0,261.27,TRUE,45
280,256,336,9/6/2023,0,1834.75,TRUE,36
281,425,476,2/11/2023,550.99,1823.31,FALSE,0
282,342,120,9/22/2024,305.24,322.57,FALSE,0
283,346,505,4/14/2023,64.91,276.43,FALSE,0
284,139,139,12/25/2021,0,807.86,TRUE,52
285,117,430,1/28/2024,868.51,1195.31,FALSE,0
286,215,425,6/21/2024,1106.39,1327.1,FALSE,0
287,461,418,8/6/2023,0,1881.15,TRUE,59
288,396,380,8/6/2022,210.64,473.68,FALSE,0
289,159,372,12/24/2023,0,243.74,TRUE,57
290,98,368,8/14/2023,0,168.07,TRUE,37
291,398,126,6/18/2024,1566.43,1900.57,FALSE,0
292,453,218,10/11/2021,777.08,1301.32,FALSE,0
293,322,52,9/4/2020,385.87,1584.25,FALSE,0
294,263,211,6/5/2020,140.63,183.79,FALSE,0
295,59,222,11/15/2021,0,1635.45,TRUE,60
296,277,152,9/5/2023,946.34,1587.86,FALSE,0
297,28,149,12/15/2019,1067.29,1975.68,FALSE,0
298,186,179,9/14/2023,0,264.36,TRUE,36
299,359,16,6/10/2023,590.2,748.57,FALSE,0
300,417,332,12/10/2020,21.43,80.77,FALSE,0
301,121,432,1/5/2021,0,1075.87,TRUE,34
302,239,460,6/5/2023,804.31,1567.13,FALSE,0
303,415,463,10/24/2020,976.13,1032.49,FALSE,0
304,175,534,6/16/2021,410.57,638.18,FALSE,0
305,41,63,6/24/2023,1692.26,1997.24,FALSE,0
306,172,111,5/19/2020,915.18,1006.02,FALSE,0
307,72,83,6/11/2020,100.59,678.12,FALSE,0
308,65,282,5/9/2021,741.9,1267.42,FALSE,0
309,445,333,6/28/2020,473.59,792.76,FALSE,0
310,275,465,9/22/2021,0,1035.82,TRUE,37
311,164,118,4/5/2020,1114.99,1712.95,FALSE,0
312,92,221,12/7/2021,789.19,888.64,FALSE,0
313,493,348,2/1/2022,0,1663.47,TRUE,46
314,61,98,11/2/2020,206.1,659.47,FALSE,0
315,426,384,4/18/2021,0,1909.51,TRUE,32
316,22,69,1/18/2023,19.45,227.89,FALSE,0
317,92,99,3/12/2023,559.7,1501.95,FALSE,0
318,192,62,11/13/2022,670.32,1193.61,FALSE,0
319,398,126,7/20/2020,743.51,851.08,FALSE,0
320,393,434,2/16/2021,0,1742.78,TRUE,43
321,437,295,4/30/2022,0,1220.8,TRUE,53
322,474,520,5/14/2022,0,464.84,TRUE,47
323,172,111,3/15/2020,407.59,732.72,FALSE,0
324,375,286,5/1/2020,944.05,1169.5,FALSE,0
325,370,27,12/4/2019,814.09,1237.54,FALSE,0
326,23,274,5/11/2023,29.09,106.46,FALSE,0
327,9,317,7/31/2022,0,1847,TRUE,52
328,80,147,9/16/2023,462.64,1154.33,FALSE,0
329,444,32,12/10/2023,121.44,228.93,FALSE,0
330,117,430,10/28/2022,147.12,934.61,FALSE,0
331,445,333,3/27/2023,888.19,1564.83,FALSE,0
332,93,54,8/23/2023,266.6,353.38,FALSE,0
333,345,84,11/19/2022,384.32,580.6,FALSE,0
334,197,453,12/1/2023,184.88,857.66,FALSE,0
335,91,117,1/5/2020,80.18,723.09,FALSE,0
336,264,499,12/22/2022,332.33,1077.52,FALSE,0
337,8,405,1/15/2024,107.9,1969.67,FALSE,0
338,8,309,4/23/2024,1452.88,1893.38,FALSE,0
339,229,262,4/8/2021,73.72,614.42,FALSE,0
340,452,441,12/17/2022,149.27,392.6,FALSE,0
341,33,236,9/9/2021,854.61,1025.51,FALSE,0
342,331,363,1/20/2020,164.21,190.55,FALSE,0
343,227,447,11/24/2019,79.73,86.55,FALSE,0
344,95,321,11/7/2020,672.44,1172.73,FALSE,0
345,167,428,8/13/2020,248.91,614.55,FALSE,0
346,445,333,10/18/2022,364.97,385.15,FALSE,0
347,79,371,3/11/2022,187.35,221.85,FALSE,0
348,227,447,5/27/2020,627.86,1198.3,FALSE,0
349,16,318,5/22/2022,0,1504.32,TRUE,53
350,409,173,1/1/2022,125.97,198.94,FALSE,0
351,28,523,4/21/2021,332.31,428.11,FALSE,0
352,277,152,9/25/2023,74.79,510.72,FALSE,0
353,325,178,11/16/2019,931.02,1224.68,FALSE,0
354,70,78,7/16/2021,305.61,395.43,FALSE,0
355,425,476,6/23/2021,1155.9,1521.17,FALSE,0
356,134,331,10/14/2024,1088.4,1735.28,FALSE,0
357,196,451,11/14/2019,80.99,183.16,FALSE,0
358,65,282,3/4/2023,423.48,1203.27,FALSE,0
359,16,318,12/4/2020,0,950.4,TRUE,52
360,308,294,4/13/2024,0,199.63,TRUE,35
361,302,93,6/21/2022,0,1249.27,TRUE,50
362,363,43,12/22/2022,750.68,926.98,FALSE,0
363,455,193,10/2/2020,321.99,676.98,FALSE,0
364,303,64,8/17/2022,753,928.52,FALSE,0
365,446,352,11/22/2022,165.76,1965.65,FALSE,0
366,60,177,8/16/2020,0,126.33,TRUE,53
367,347,537,8/25/2020,169.76,1069.36,FALSE,0
368,45,290,12/30/2023,0,805.46,TRUE,34
369,93,54,6/7/2024,1028.56,1588.99,FALSE,0
370,204,338,11/8/2023,158.94,234.29,FALSE,0
371,498,259,6/6/2023,959.42,1461.28,FALSE,0
372,260,154,5/31/2020,407.95,700.06,FALSE,0
373,219,359,8/29/2023,429.68,654.95,FALSE,0
374,209,402,12/14/2020,213.69,301.46,FALSE,0
375,16,318,5/4/2021,0,1139.9,TRUE,48
376,266,131,6/12/2021,0,1356.73,TRUE,41
377,163,540,4/18/2022,155.7,232.23,FALSE,0
378,79,371,2/5/2023,26.42,85.55,FALSE,0
379,206,220,5/11/2020,0,716.38,TRUE,37
380,24,232,5/19/2023,309.88,1999.95,FALSE,0
381,103,104,8/27/2023,561.36,1039.99,FALSE,0
382,163,540,9/4/2023,41.63,123.61,FALSE,0
383,366,135,1/13/2021,187.36,1214.63,FALSE,0
384,168,170,12/25/2020,0,1456.31,TRUE,51
385,5,244,2/17/2024,1184.98,1940.7,FALSE,0
386,239,460,5/14/2022,121.09,506.31,FALSE,0
387,419,481,4/4/2024,351.7,1812.75,FALSE,0
388,312,452,4/12/2023,267.76,950.28,FALSE,0
389,333,515,1/24/2021,0,1078.55,TRUE,36
390,118,205,11/29/2020,223.16,1612.46,FALSE,0
391,93,54,5/24/2024,1136.61,1300.3,FALSE,0
392,83,106,10/13/2023,741.48,1437.23,FALSE,0
393,481,292,3/9/2021,34.24,213.56,FALSE,0
394,202,526,3/2/2021,147.57,337.33,FALSE,0
395,230,228,7/6/2024,0,1642.57,TRUE,49
396,344,28,9/9/2021,340.57,859.05,FALSE,0
397,37,242,7/15/2023,65.53,803.02,FALSE,0
398,6,29,3/4/2022,66.53,671.44,FALSE,0
399,489,344,5/21/2024,0,1593.19,TRUE,42
400,162,484,11/25/2021,0,1407.34,TRUE,33
401,419,481,9/28/2023,4.86,924.77,FALSE,0
402,387,20,4/9/2024,0,549.05,TRUE,47
403,348,541,11/1/2020,679.42,875.35,FALSE,0
404,8,309,2/4/2024,68.58,287.6,FALSE,0
405,212,469,10/25/2020,144.3,172.47,FALSE,0
406,486,549,11/14/2021,42.29,82.05,FALSE,0
407,301,148,8/27/2020,0.97,617.98,FALSE,0
408,235,247,1/26/2021,217.81,1162.79,FALSE,0
409,165,88,5/9/2023,0,1070.79,TRUE,39
410,125,539,2/16/2024,873.67,1110.96,FALSE,0
411,38,21,1/12/2020,381.46,811.38,FALSE,0
412,413,397,1/15/2022,0,1963.03,TRUE,35
413,500,366,8/20/2024,547.41,1587.61,FALSE,0
414,465,107,12/10/2019,1142.8,1554.43,FALSE,0
415,156,137,9/27/2020,74.5,136.45,FALSE,0
416,140,180,11/4/2021,1142.91,1669.25,FALSE,0
417,236,491,8/16/2024,1040.24,1281.88,FALSE,0
418,212,469,10/23/2021,24.62,122.12,FALSE,0
419,118,205,1/1/2024,560.91,1777.29,FALSE,0
420,116,528,1/31/2023,0,826.54,TRUE,42
421,471,260,10/19/2023,78.54,121.41,FALSE,0
422,500,366,5/22/2020,82.76,1731.17,FALSE,0
423,349,340,8/10/2024,465.83,582.77,FALSE,0
424,241,410,1/19/2021,1341.46,1499.45,FALSE,0
425,493,348,5/23/2023,0,1948.76,TRUE,35
426,146,377,8/14/2021,0,1852.41,TRUE,40
427,181,85,2/26/2020,115.85,1467.81,FALSE,0
428,106,185,12/28/2022,357.73,1113.68,FALSE,0
429,256,336,8/17/2024,0,1338.79,TRUE,54
430,395,437,3/2/2024,166.45,374.96,FALSE,0
431,183,44,2/24/2022,1337.59,1467.29,FALSE,0
432,358,446,6/24/2023,573.69,585.38,FALSE,0
433,273,59,4/3/2021,0,196.33,TRUE,56
434,202,526,12/6/2022,1095.31,1612.14,FALSE,0
435,444,32,1/2/2022,199.54,328.42,FALSE,0
436,44,449,6/21/2020,7.92,117.86,FALSE,0
437,67,376,2/11/2020,0,756.19,TRUE,60
438,376,158,11/11/2021,1303.84,1374.17,FALSE,0
439,246,455,4/2/2020,0,1538.01,TRUE,54
440,67,376,2/24/2022,0,826.17,TRUE,54
441,91,117,6/2/2023,18.7,100.53,FALSE,0
442,413,397,11/26/2020,0,1831.41,TRUE,50
443,418,267,3/15/2022,305.31,1422.87,FALSE,0
444,274,293,7/11/2022,0,1403.26,TRUE,44
445,398,126,10/24/2022,23.3,314.67,FALSE,0
446,152,456,7/6/2023,1616.7,1994.66,FALSE,0
447,330,328,2/3/2024,0,1352.29,TRUE,50
448,47,298,8/17/2023,1522.32,1788.1,FALSE,0
449,186,179,11/15/2021,0,1597.71,TRUE,36
450,483,206,8/26/2021,0,1594.53,TRUE,51
451,370,27,3/20/2023,431.35,753.75,FALSE,0
452,29,133,1/22/2023,107.19,1243.3,FALSE,0
453,172,408,9/19/2021,1437.17,1999.21,FALSE,0
454,265,421,5/22/2021,1276.07,1549.87,FALSE,0
455,462,129,7/24/2024,1250.08,1946.14,FALSE,0
456,201,478,3/14/2023,0,1376.21,TRUE,48
457,422,187,2/6/2023,199.64,1547.17,FALSE,0
458,42,57,9/2/2023,865.86,1671.21,FALSE,0
459,468,169,4/7/2021,341.96,365.84,FALSE,0
460,387,355,1/21/2023,984.66,1897.59,FALSE,0
461,12,81,5/24/2021,342.09,538.68,FALSE,0
462,65,282,10/7/2022,89.05,294.08,FALSE,0
463,13,96,1/24/2023,173.7,1030.02,FALSE,0
464,376,158,9/3/2021,239.7,383.84,FALSE,0
465,245,346,10/5/2024,954.17,1692.93,FALSE,0
466,402,30,4/3/2021,0,208.38,TRUE,52
467,492,272,6/14/2021,1012.16,1319.7,FALSE,0
468,444,32,7/20/2024,640.44,1021.17,FALSE,0
469,53,310,4/23/2022,798.04,991.74,FALSE,0
470,383,416,1/20/2021,45.97,630,FALSE,0
471,381,162,2/11/2023,439.33,907.23,FALSE,0
472,205,349,5/5/2023,385.41,1232.99,FALSE,0
473,71,327,4/4/2020,1275.41,1481.69,FALSE,0
474,416,409,8/20/2024,0,304.99,TRUE,38
475,292,109,11/2/2022,0,672.28,TRUE,46
476,160,461,12/21/2023,0,533.44,TRUE,33
477,496,394,3/29/2024,725.51,1735.12,FALSE,0
478,469,164,9/8/2023,0,1636.28,TRUE,43
479,95,321,4/15/2024,66.95,420.18,FALSE,0
480,220,479,5/19/2022,315.51,1022.58,FALSE,0
481,302,93,2/10/2024,0,1893.2,TRUE,38
482,235,247,1/13/2024,165.69,469.53,FALSE,0
483,493,289,3/18/2021,895.61,1015.04,FALSE,0
484,372,482,3/23/2021,4.97,607.21,FALSE,0
485,423,442,11/20/2021,82.3,311.17,FALSE,0
486,4,413,4/12/2024,0,763.58,TRUE,36
487,367,200,1/8/2024,218.45,756.92,FALSE,0
488,110,517,6/24/2021,0,928.19,TRUE,51
489,362,122,5/29/2024,0,300.89,TRUE,52
490,493,348,5/18/2024,0,1137.77,TRUE,58
491,394,204,7/13/2020,491.62,1224.8,FALSE,0
492,379,47,11/22/2020,89.83,125.88,FALSE,0
493,78,486,2/18/2023,158.28,1062.7,FALSE,0
494,116,528,3/15/2023,0,322.57,TRUE,33
495,11,167,6/8/2022,503.22,816.26,FALSE,0
496,321,307,3/16/2022,612.71,1207.76,FALSE,0
497,304,546,10/10/2024,0,1005.2,TRUE,35
498,73,18,5/31/2021,517.69,768.3,FALSE,0
499,432,316,11/8/2021,1163.18,1603.67,FALSE,0
500,344,28,12/2/2021,322.35,1213.97,FALSE,0
501,166,234,12/25/2020,850.04,1456.73,FALSE,0
502,347,537,11/20/2022,791.15,1276.6,FALSE,0
503,188,390,11/19/2019,230.19,338.16,FALSE,0
504,203,113,8/11/2020,186.13,422.03,FALSE,0
505,438,156,8/23/2021,174.38,855.27,FALSE,0
506,90,483,5/23/2020,1289.18,1751.99,FALSE,0
507,149,142,7/25/2021,595.34,1061.43,FALSE,0
508,479,490,1/31/2022,0,1074.68,TRUE,42
509,171,471,9/21/2024,625.99,1828.64,FALSE,0
510,495,271,12/24/2023,238.34,1239.65,FALSE,0
511,375,286,5/8/2023,255.96,1138.27,FALSE,0
512,255,305,2/15/2022,1095.27,1553.79,FALSE,0
513,463,501,9/3/2021,233.08,668.23,FALSE,0
514,69,281,3/12/2021,350.5,611.19,FALSE,0
515,278,389,11/18/2019,0,1796.73,TRUE,37
516,108,150,8/21/2020,177.29,616.38,FALSE,0
517,12,81,1/13/2020,320.9,725.41,FALSE,0
518,236,491,10/25/2023,386.88,467.27,FALSE,0
519,484,279,10/11/2022,0,317.68,TRUE,32
520,133,246,6/26/2024,350.18,522.79,FALSE,0
521,24,232,10/23/2023,67.92,1293.99,FALSE,0
522,74,339,10/28/2022,145.67,1448.85,FALSE,0
523,411,141,4/20/2024,0,60.1,TRUE,48
524,381,162,9/19/2020,788.67,843.47,FALSE,0
525,141,488,7/27/2021,195.67,981.02,FALSE,0
526,437,295,8/20/2021,0,676.28,TRUE,47
527,355,92,10/31/2023,306.99,1321.98,FALSE,0
528,283,39,11/1/2022,320.51,1830.8,FALSE,0
529,319,181,6/2/2021,68,1871.15,FALSE,0
530,107,407,6/30/2022,0,1586.52,TRUE,59
531,38,297,8/12/2021,16.31,1759.65,FALSE,0
532,108,110,8/2/2022,623.34,1860.49,FALSE,0
533,347,537,10/26/2022,950.88,1013.13,FALSE,0
534,110,517,9/10/2021,0,962.64,TRUE,46
535,74,339,6/20/2020,168.36,366.86,FALSE,0
536,374,191,10/18/2021,26.11,77.46,FALSE,0
537,39,198,1/31/2020,335.8,392.22,FALSE,0
538,383,416,5/28/2022,856.72,1662.63,FALSE,0
539,130,411,3/11/2024,0,1355.05,TRUE,32
540,459,489,7/4/2021,168.93,681.02,FALSE,0
541,18,393,3/31/2020,383.87,509.27,FALSE,0
542,204,338,3/31/2022,461.77,638.79,FALSE,0
543,156,268,8/13/2021,917.7,1324.68,FALSE,0
544,362,122,3/13/2022,0,957.52,TRUE,35
545,333,515,9/30/2023,0,1850.06,TRUE,57
546,258,319,10/16/2024,891.69,1396.07,FALSE,0
547,114,303,8/14/2021,169.33,766.71,FALSE,0
548,156,137,5/30/2024,446.99,982.45,FALSE,0
549,344,383,9/18/2021,472.84,860.9,FALSE,0
550,323,224,5/4/2020,1044.75,1535.63,FALSE,0
551,345,84,9/2/2022,567.65,1074.74,FALSE,0
552,58,80,4/20/2024,0,1838.63,TRUE,41
553,240,518,1/11/2022,238.39,444.21,FALSE,0
554,256,336,12/27/2019,0,1716.25,TRUE,43
555,263,211,8/25/2023,707.82,1447.99,FALSE,0
556,28,523,6/29/2022,51.11,918.69,FALSE,0
557,202,526,4/25/2020,485.01,860.08,FALSE,0
558,198,474,8/12/2024,419.7,1361.9,FALSE,0
559,179,406,11/23/2022,0,546.19,TRUE,31
560,408,75,5/15/2023,47.66,138.32,FALSE,0
561,192,62,6/5/2022,129.23,1872.44,FALSE,0
562,162,484,10/22/2021,0,111.88,TRUE,32
563,139,139,7/18/2020,0,1543.36,TRUE,44
564,443,431,9/8/2024,0,780.2,TRUE,42
565,360,387,11/30/2019,0,782.51,TRUE,34
566,156,137,10/18/2020,460.58,1324.39,FALSE,0
567,298,403,7/13/2021,786.99,1081.24,FALSE,0
568,119,4,9/5/2024,1491.76,1524.55,FALSE,0
569,368,435,10/19/2024,0,1087.27,TRUE,41
570,17,472,8/19/2020,199.85,725.01,FALSE,0
571,185,116,11/13/2020,0,112.82,TRUE,50
572,435,17,7/18/2020,34.94,519.3,FALSE,0
573,155,35,2/8/2023,0,920.56,TRUE,38
574,305,50,7/11/2020,23.32,527.23,FALSE,0
575,449,240,12/24/2020,831.73,1102.53,FALSE,0
576,75,58,9/5/2020,321.15,323.26,FALSE,0
577,71,327,5/12/2024,908.57,1176.08,FALSE,0
578,406,329,4/10/2023,448.61,511.96,FALSE,0
579,175,534,2/26/2021,144.55,481.03,FALSE,0
580,140,180,10/30/2019,542.84,1270.69,FALSE,0
581,200,49,10/24/2021,1832.3,1945.97,FALSE,0
582,49,391,4/27/2021,0,1582.32,TRUE,37
583,148,419,9/23/2020,128.36,340.97,FALSE,0
584,94,485,1/4/2023,117.15,519.89,FALSE,0
585,301,148,12/29/2022,1483.03,1621.26,FALSE,0
586,378,423,6/1/2021,1079.56,1937.18,FALSE,0
587,142,398,5/8/2021,106.46,523.57,FALSE,0
588,12,81,9/19/2021,1565.79,1848.34,FALSE,0
589,486,549,10/6/2024,278.66,1462.94,FALSE,0
590,360,387,2/26/2020,0,1363.66,TRUE,39
591,408,75,11/24/2022,317.57,416.92,FALSE,0
592,397,223,10/18/2022,856.28,984.82,FALSE,0
593,252,311,9/3/2020,29.38,1916.19,FALSE,0
594,112,195,6/19/2024,0,1926.05,TRUE,55
595,236,491,8/15/2023,1275.19,1833.16,FALSE,0
596,50,210,9/19/2020,197.07,823.43,FALSE,0
597,45,290,5/5/2020,0,792.29,TRUE,41
598,432,316,2/17/2020,287.2,560.05,FALSE,0
599,201,478,10/20/2023,0,242.29,TRUE,50
600,330,328,3/1/2024,0,1832.94,TRUE,38
601,379,47,5/18/2021,253.78,1146.92,FALSE,0
602,435,17,1/15/2021,522.07,558.51,FALSE,0
603,167,428,12/31/2019,122.74,625.62,FALSE,0
604,278,389,9/26/2024,0,1161.09,TRUE,45
605,245,346,12/20/2023,453.35,551.79,FALSE,0
606,191,503,12/13/2021,0,948.62,TRUE,42
607,48,174,11/8/2019,176.49,322.92,FALSE,0
608,340,61,8/23/2021,899.22,1071.69,FALSE,0
609,305,50,6/13/2022,635.27,1540.46,FALSE,0
610,51,237,4/14/2022,27.57,182.54,FALSE,0
611,240,518,3/8/2020,56.78,939.22,FALSE,0
612,389,495,5/5/2023,0,1335.6,TRUE,39
613,382,422,1/3/2024,0,73.11,TRUE,34
614,486,549,9/24/2024,33.53,1956.08,FALSE,0
615,452,441,4/2/2022,1475.68,1622.03,FALSE,0
616,92,99,8/23/2021,258.45,1072.55,FALSE,0
617,163,540,11/10/2023,192.19,542.22,FALSE,0
618,107,407,5/27/2023,0,204.09,TRUE,33
619,242,250,9/22/2021,447.41,1980.95,FALSE,0
620,72,83,2/18/2020,1136.95,1324.78,FALSE,0
621,169,33,4/21/2022,88.11,232.33,FALSE,0
622,141,488,9/26/2022,1.51,159.42,FALSE,0
623,181,85,7/27/2021,444.64,1024.72,FALSE,0
624,349,340,4/10/2023,989.59,1153.42,FALSE,0
625,348,541,6/5/2023,423.31,1842.35,FALSE,0
626,20,487,10/17/2022,534.76,578.64,FALSE,0
627,458,288,3/6/2021,1016.38,1803.66,FALSE,0
628,490,184,6/1/2022,585.28,1861.09,FALSE,0
629,52,213,9/7/2022,898.73,1194.72,FALSE,0
630,172,408,1/31/2020,557.05,1861.31,FALSE,0
631,235,247,2/6/2020,981.16,1155.06,FALSE,0
632,349,340,12/5/2023,590.69,798.5,FALSE,0
633,12,81,12/3/2021,1000.19,1026.55,FALSE,0
634,226,101,9/11/2023,756.75,902.32,FALSE,0
635,107,407,10/25/2023,0,1939.4,TRUE,46
636,150,280,10/8/2024,710.93,1577.92,FALSE,0
637,208,365,7/11/2022,423.64,1128.42,FALSE,0
638,188,390,1/28/2020,134.3,217.1,FALSE,0
639,145,253,5/31/2022,118.18,1440.56,FALSE,0
640,188,390,11/6/2023,911.4,1437.77,FALSE,0
641,253,399,10/1/2021,71.12,667.52,FALSE,0
642,432,316,8/15/2020,698.33,917.23,FALSE,0
643,388,136,4/24/2021,0,220.23,TRUE,42
644,35,525,7/28/2023,22.21,845.69,FALSE,0
645,13,96,9/15/2021,952.31,1214,FALSE,0
646,158,395,3/13/2024,0,74.06,TRUE,51
647,3,87,6/28/2022,0,1463.45,TRUE,51
648,175,534,12/27/2020,144.94,380.69,FALSE,0
649,211,276,10/22/2023,314.22,637.21,FALSE,0
650,170,172,5/8/2020,377.99,897.62,FALSE,0
651,404,79,3/8/2021,712.12,754.19,FALSE,0
652,158,508,12/2/2021,236.21,1207.92,FALSE,0
653,139,139,4/30/2024,0,644.08,TRUE,36
654,188,390,12/23/2023,533.18,1617.95,FALSE,0
655,452,441,12/15/2019,1409.75,1640.18,FALSE,0
656,281,140,1/13/2022,0,635.85,TRUE,58
657,483,206,7/7/2023,0,984.07,TRUE,50
658,71,327,6/12/2023,429.71,618.32,FALSE,0
659,354,249,7/5/2022,0,685.48,TRUE,55
660,298,403,5/8/2023,710.03,761.78,FALSE,0
661,106,185,5/13/2023,758.77,1379.34,FALSE,0
662,44,473,11/23/2022,395.98,1888.8,FALSE,0
663,405,299,1/30/2022,115.56,1671,FALSE,0
664,148,419,5/20/2023,189.61,1362.31,FALSE,0
665,157,248,9/26/2022,83.66,542.73,FALSE,0
666,360,387,3/15/2023,0,194.23,TRUE,44
667,130,411,8/26/2022,0,1092.02,TRUE,52
668,127,429,4/18/2024,877.79,1110.11,FALSE,0
669,69,550,3/15/2022,1104.55,1207.95,FALSE,0
670,294,255,10/1/2021,472.99,1332.32,FALSE,0
671,373,46,12/8/2019,740.68,1148.28,FALSE,0
672,241,410,10/26/2023,641.73,1935.28,FALSE,0
673,452,441,10/15/2023,25.3,256.59,FALSE,0
674,28,523,5/22/2022,840.54,1506.36,FALSE,0
675,276,227,7/11/2020,359.56,919.27,FALSE,0
676,327,513,4/23/2021,343.16,343.95,FALSE,0
677,384,108,12/2/2020,576.35,626.09,FALSE,0
678,287,119,11/8/2022,1220.13,1671.07,FALSE,0
679,124,320,7/15/2024,563.87,718.98,FALSE,0
680,389,495,12/23/2020,0,729.19,TRUE,42
681,448,464,3/27/2020,201.74,671.87,FALSE,0
682,164,118,5/20/2023,32.26,94.04,FALSE,0
683,468,169,6/24/2024,1379.79,1863.35,FALSE,0
684,186,179,7/15/2022,0,1126.23,TRUE,41
685,198,474,1/27/2020,203.38,502.12,FALSE,0
686,374,191,6/11/2022,561.31,1298.93,FALSE,0
687,248,203,7/20/2021,398.05,926.67,FALSE,0
688,206,220,1/24/2020,0,451.28,TRUE,54
689,356,65,7/17/2022,940.08,1175.83,FALSE,0
690,338,192,10/7/2020,150.43,763.3,FALSE,0
691,259,269,10/22/2023,664.66,1357.87,FALSE,0
692,95,321,11/7/2022,742.18,1214.09,FALSE,0
693,91,117,10/26/2019,615.92,728.45,FALSE,0
694,60,177,10/10/2020,0,1636.79,TRUE,31
695,3,87,10/21/2024,0,1360.61,TRUE,34
696,239,313,12/18/2022,103.8,278.05,FALSE,0
697,73,524,2/12/2022,481.61,807.5,FALSE,0
698,18,393,9/19/2022,425.8,874.93,FALSE,0
699,325,178,6/30/2024,554.31,1132.08,FALSE,0
700,338,192,1/25/2020,299.21,663.43,FALSE,0
701,98,368,1/30/2021,0,1906.09,TRUE,53
702,496,394,8/28/2023,975.23,1929.47,FALSE,0
703,148,419,5/25/2023,575.71,1385.16,FALSE,0
704,246,455,10/8/2022,0,1002.96,TRUE,42
705,30,226,4/17/2024,170.29,619.58,FALSE,0
706,280,296,2/8/2022,172.87,378.01,FALSE,0
707,158,508,5/12/2020,127.02,1121.97,FALSE,0
708,260,275,9/12/2021,0,1561.47,TRUE,60
709,363,43,5/9/2020,676.18,1532.01,FALSE,0
710,15,436,1/18/2021,207.28,249.71,FALSE,0
711,403,254,8/17/2023,0,630.53,TRUE,49
712,137,270,12/15/2023,595.99,729.73,FALSE,0
713,386,121,7/30/2020,370.22,1562.48,FALSE,0
714,295,360,7/31/2023,0,1729.04,TRUE,56
715,168,170,10/18/2020,0,1251.49,TRUE,33
716,337,212,10/4/2022,0,1620.61,TRUE,54
717,458,288,1/29/2021,204.39,1213.87,FALSE,0
718,457,300,11/17/2020,0,614.2,TRUE,45
719,357,527,5/22/2024,0,1971.7,TRUE,43
720,139,139,11/29/2020,0,1927.41,TRUE,51
721,340,61,12/29/2021,1721.39,1985.35,FALSE,0
722,388,136,5/26/2024,0,536.87,TRUE,45
723,403,254,1/13/2023,0,1534.87,TRUE,33
724,2,146,11/11/2021,316.01,1175.98,FALSE,0
725,187,385,12/17/2019,590.15,931.38,FALSE,0
726,13,96,4/27/2020,626.5,835.56,FALSE,0
727,316,378,11/16/2019,457.13,936.66,FALSE,0
728,142,3,12/23/2022,1477.77,1744.37,FALSE,0
729,434,470,3/16/2022,898.07,1287.94,FALSE,0
730,356,65,1/12/2024,636.97,1601.57,FALSE,0
731,21,440,5/2/2023,820.46,1658.45,FALSE,0
732,343,291,1/9/2020,409.54,708.62,FALSE,0
733,475,497,6/24/2020,1419.19,1587.19,FALSE,0
734,305,50,6/13/2020,87.41,139.59,FALSE,0
735,171,471,5/12/2022,75.98,81.75,FALSE,0
736,312,452,4/2/2021,932.54,940.21,FALSE,0
737,270,208,6/14/2023,1811.18,1991.6,FALSE,0
738,53,310,2/28/2021,335.79,360.01,FALSE,0
739,13,96,12/6/2020,332.13,1326.45,FALSE,0
740,168,170,10/4/2023,0,150.99,TRUE,33
741,449,240,9/6/2024,80.89,887,FALSE,0
742,26,2,12/19/2020,36.33,466.17,FALSE,0
743,24,232,5/18/2023,473.07,1062.92,FALSE,0
744,446,352,4/10/2024,1623.89,1643.36,FALSE,0
745,388,136,9/1/2023,0,981.52,TRUE,42
746,68,105,3/16/2020,92.35,251.24,FALSE,0
747,411,141,9/26/2022,0,796.31,TRUE,38
748,156,137,9/26/2022,881,1301.07,FALSE,0
749,120,544,10/26/2021,700.9,1148.42,FALSE,0
750,196,451,7/25/2022,156.56,734.82,FALSE,0
751,438,156,7/21/2021,1135.91,1843.79,FALSE,0
752,397,223,2/8/2022,22.01,219.04,FALSE,0
753,385,127,1/4/2021,460.71,1199.67,FALSE,0
754,21,440,8/24/2023,92.75,663.28,FALSE,0
755,3,87,12/14/2022,0,533.93,TRUE,32
756,481,292,7/2/2022,1083.35,1568.99,FALSE,0
757,8,309,9/1/2022,273.49,450.62,FALSE,0
758,209,402,10/27/2021,34.18,626.31,FALSE,0
759,133,246,11/15/2022,114.44,1015.03,FALSE,0
760,350,73,8/12/2023,1056.07,1080.16,FALSE,0
761,290,325,3/21/2022,0,307.37,TRUE,52
762,443,431,11/15/2019,0,762.55,TRUE,54
763,90,483,9/30/2023,1472.31,1911.18,FALSE,0
764,105,70,7/23/2024,16.59,76.9,FALSE,0
765,192,62,7/14/2020,756.12,1899.93,FALSE,0
766,81,514,12/23/2020,654.79,1545.86,FALSE,0
767,181,85,3/15/2021,698.44,1299.05,FALSE,0
768,271,285,1/17/2024,0,213.01,TRUE,32
769,309,209,2/23/2020,0,1949.91,TRUE,54
770,291,401,5/16/2024,910.95,1193.55,FALSE,0
771,259,68,12/23/2023,286.48,654.83,FALSE,0
772,254,245,5/24/2022,0,162.92,TRUE,38
773,287,119,8/5/2024,568.7,934.08,FALSE,0
774,140,180,4/21/2024,200.27,282.91,FALSE,0
775,182,12,6/21/2020,352.11,369.47,FALSE,0
776,184,530,4/19/2024,1136.52,1576.82,FALSE,0
777,282,381,3/28/2024,0,297.51,TRUE,38
778,386,121,10/21/2023,45.63,1554.29,FALSE,0
779,21,440,12/4/2021,37.07,580.36,FALSE,0
780,404,79,3/14/2022,519.72,1017.49,FALSE,0
781,81,512,8/24/2022,0,1725.75,TRUE,40
782,229,262,12/7/2019,1393.26,1557.99,FALSE,0
783,287,119,8/5/2023,252.07,495.39,FALSE,0
784,76,13,4/4/2021,0,526.88,TRUE,34
785,260,154,8/27/2024,383.15,398.97,FALSE,0
786,117,430,10/21/2020,121.1,487.8,FALSE,0
787,330,328,2/25/2020,0,578.95,TRUE,47
788,428,123,6/1/2024,928.08,1028.98,FALSE,0
789,450,229,9/6/2022,0,1618.46,TRUE,32
790,130,411,5/22/2024,0,184.41,TRUE,42
791,258,319,9/14/2024,380.66,688.24,FALSE,0
792,316,378,12/12/2020,248.81,441.31,FALSE,0
793,354,249,8/10/2020,0,954.66,TRUE,43
794,43,201,11/23/2022,0,1478.3,TRUE,32
795,297,252,1/24/2024,0,343.6,TRUE,52
796,370,239,5/13/2024,703.36,1106.01,FALSE,0
797,488,10,8/16/2024,2.78,1904.43,FALSE,0
798,300,386,4/16/2021,1240.31,1705.56,FALSE,0
799,263,211,12/19/2023,257.97,1083.14,FALSE,0
800,192,62,6/11/2022,277.13,1946.49,FALSE,0
801,13,96,5/29/2021,31.39,135.61,FALSE,0
802,441,533,8/27/2022,0,855.46,TRUE,51
803,3,87,12/21/2023,0,1182.5,TRUE,34
804,249,404,1/3/2020,0,195.92,TRUE,56
805,173,134,9/6/2023,0,511.7,TRUE,60
806,298,403,9/22/2024,1041.56,1416.41,FALSE,0
807,448,464,12/30/2020,43.34,580.31,FALSE,0
808,281,140,12/20/2023,0,1570.88,TRUE,43
809,292,109,6/26/2022,0,370.53,TRUE,55
810,364,124,11/25/2019,1056.32,1095.05,FALSE,0
811,415,463,12/10/2023,172.57,651.2,FALSE,0
812,302,93,8/6/2023,0,357.35,TRUE,36
813,85,42,6/26/2023,401.98,469.29,FALSE,0
814,199,94,2/26/2021,1391.36,1436.76,FALSE,0
815,202,526,4/9/2021,43.47,145.45,FALSE,0
816,186,179,5/5/2023,0,110.61,TRUE,51
817,86,256,9/9/2020,23.92,234.71,FALSE,0
818,267,144,6/9/2021,0,286.83,TRUE,48
819,230,228,7/26/2020,0,304.89,TRUE,48
820,3,87,10/23/2020,0,1185.53,TRUE,51
821,310,77,4/24/2023,5.96,92.51,FALSE,0
822,246,455,8/4/2020,0,1628.13,TRUE,32
823,349,340,6/8/2023,272.25,288.93,FALSE,0
824,409,173,5/9/2022,802.23,1852.06,FALSE,0
825,8,405,10/13/2024,389.41,1017.45,FALSE,0
826,60,177,11/8/2022,0,740.19,TRUE,42
827,464,287,12/10/2022,136.7,919.72,FALSE,0
828,297,252,4/25/2022,0,1312.19,TRUE,47
829,236,491,11/20/2021,47.26,168.91,FALSE,0
830,117,430,3/9/2022,388.31,438.94,FALSE,0
831,86,256,9/13/2020,1026.75,1279.97,FALSE,0
832,387,20,3/22/2021,0,1979.34,TRUE,60
833,410,492,7/28/2022,538.87,1111.81,FALSE,0
834,333,515,10/19/2023,0,677.13,TRUE,46
835,71,327,3/18/2021,35.59,1214.38,FALSE,0
836,458,288,6/19/2023,162.86,164.25,FALSE,0
837,238,367,5/27/2021,1544.73,1545.34,FALSE,0
838,469,164,4/14/2023,0,245.26,TRUE,32
839,233,547,3/15/2022,1505.92,1641.76,FALSE,0
840,309,225,1/17/2024,1152.27,1172.6,FALSE,0
841,214,364,8/4/2024,0,1873.65,TRUE,55
842,319,181,12/25/2021,162.59,511.27,FALSE,0
843,98,368,3/20/2023,0,1832.26,TRUE,34
844,63,361,3/12/2022,1069.58,1897.74,FALSE,0
845,455,193,1/18/2022,1362.74,1681.56,FALSE,0
846,346,505,1/17/2021,194.37,1107.14,FALSE,0
847,302,93,2/24/2020,0,159.53,TRUE,47
848,163,540,9/8/2023,325.79,982.08,FALSE,0
849,361,207,1/8/2020,552.91,1622.57,FALSE,0
850,417,332,7/27/2024,24.54,166.13,FALSE,0
851,2,146,11/2/2023,1320.52,1560.01,FALSE,0
852,272,374,11/21/2019,718.45,1923.09,FALSE,0
853,179,406,3/2/2022,0,1192.73,TRUE,56
854,281,140,1/27/2023,0,1952.93,TRUE,57
855,264,499,4/27/2022,229.23,1315.9,FALSE,0
856,500,366,4/7/2022,285.82,485.31,FALSE,0
857,44,388,9/10/2021,0,648.31,TRUE,43
858,109,182,5/10/2024,1395.88,1471.22,FALSE,0
859,291,401,10/16/2021,1317.33,1708.98,FALSE,0
860,104,34,12/20/2019,128.9,405.06,FALSE,0
861,276,227,6/17/2022,135.06,1297.31,FALSE,0
862,176,145,3/10/2023,0,695.78,TRUE,41
863,330,328,1/29/2020,0,377.38,TRUE,46
864,489,344,6/12/2022,0,920.93,TRUE,37
865,105,70,5/13/2021,577.23,733.44,FALSE,0
866,26,2,7/20/2023,63.06,143.89,FALSE,0
867,320,171,8/27/2023,875.16,1774.88,FALSE,0
868,295,360,11/16/2022,0,1114.75,TRUE,51
869,341,231,7/14/2020,27.06,367.18,FALSE,0
870,155,35,11/14/2022,0,625.07,TRUE,54
871,384,108,8/18/2022,33.12,194.69,FALSE,0
872,288,165,3/12/2023,808.19,1477.37,FALSE,0
873,13,96,12/5/2020,698.56,709,FALSE,0
874,389,495,5/12/2024,0,1423.78,TRUE,45
875,468,169,12/4/2020,535.92,1234.27,FALSE,0
876,103,104,12/10/2021,677.82,695.63,FALSE,0
877,492,272,9/6/2024,397.97,1338.17,FALSE,0
878,470,51,6/13/2024,448.61,816.16,FALSE,0
879,376,158,12/26/2022,0.6,156.28,FALSE,0
880,144,302,7/20/2022,1035.53,1656.6,FALSE,0
881,118,205,10/17/2024,49.49,239.12,FALSE,0
882,405,299,5/22/2024,925.95,1955.26,FALSE,0
883,432,316,3/3/2021,744.33,1580.51,FALSE,0
884,492,272,10/20/2021,123.91,227.72,FALSE,0
885,396,380,7/11/2022,656.32,1776.71,FALSE,0
886,373,46,2/10/2022,262.03,563.43,FALSE,0
887,211,276,3/1/2022,173.84,1150.28,FALSE,0
888,88,100,12/25/2019,0,217.13,TRUE,40
889,307,424,6/14/2020,1145.77,1942.88,FALSE,0
890,41,63,7/23/2021,1382.74,1689.55,FALSE,0
891,486,549,10/11/2024,1301.34,1389.78,FALSE,0
892,37,242,1/2/2021,77.27,978.71,FALSE,0
893,132,36,8/26/2024,926.66,1029.1,FALSE,0
894,99,151,1/18/2021,215.46,284.55,FALSE,0
895,170,172,4/29/2022,1573.04,1945.72,FALSE,0
896,183,44,11/28/2020,865.32,875.58,FALSE,0
897,361,207,6/6/2022,1251.11,1994.67,FALSE,0
898,286,265,3/3/2023,489.71,673.51,FALSE,0
899,22,69,7/24/2024,122.23,219.7,FALSE,0
900,207,334,9/2/2022,894.08,1720.42,FALSE,0
901,76,13,9/26/2022,0,1583.77,TRUE,51
902,117,430,3/21/2020,40.32,269.41,FALSE,0
903,334,103,12/11/2019,0,1853.61,TRUE,44
904,274,293,8/18/2020,0,1741.58,TRUE,56
905,265,421,4/21/2020,370,565.07,FALSE,0
906,94,485,4/17/2024,33.89,123.06,FALSE,0
907,97,412,11/27/2019,111.76,125.63,FALSE,0
908,5,244,12/10/2023,69.44,146.12,FALSE,0
909,324,382,12/4/2019,73.12,89.45,FALSE,0
910,258,319,3/2/2021,293.34,596.68,FALSE,0
911,226,101,4/30/2021,443.69,1946.37,FALSE,0
912,113,454,1/22/2022,500.35,1559.36,FALSE,0
913,19,427,8/1/2021,0,1229.71,TRUE,57
914,401,217,2/7/2023,745.61,1831.19,FALSE,0
915,369,529,3/30/2021,1429.41,1741.02,FALSE,0
916,431,163,8/4/2022,126.27,177.95,FALSE,0
917,139,139,8/10/2020,0,1572.01,TRUE,49
918,402,30,4/1/2020,0,388.79,TRUE,31
919,480,60,4/30/2020,244.89,536.51,FALSE,0
920,315,370,11/28/2020,390.15,1424.04,FALSE,0
921,425,476,9/1/2024,657.65,1035,FALSE,0
922,444,32,8/22/2021,255.04,521.78,FALSE,0
923,109,182,10/21/2023,912.63,1923.01,FALSE,0
924,219,359,12/14/2023,604.19,721.29,FALSE,0
925,302,93,5/6/2023,0,605.89,TRUE,41
926,206,220,2/6/2020,0,1721.37,TRUE,43
927,337,212,6/6/2022,0,574.71,TRUE,53
928,488,10,7/12/2022,128.94,974.49,FALSE,0
929,190,9,3/19/2020,0,486.35,TRUE,44
930,239,313,7/30/2020,1021.38,1439.84,FALSE,0
931,393,434,1/3/2020,0,1796.19,TRUE,60
932,498,259,10/23/2023,143.67,475.51,FALSE,0
933,107,407,5/1/2020,0,1189.75,TRUE,33
934,426,384,5/29/2020,0,1144.84,TRUE,33
935,32,306,9/19/2022,667.02,1384.61,FALSE,0
936,380,284,7/1/2024,1119.22,1299.16,FALSE,0
937,32,306,7/21/2024,215.87,417.3,FALSE,0
938,273,59,6/12/2023,0,1620.59,TRUE,39
939,447,414,6/22/2024,910.87,1338.03,FALSE,0
940,370,27,1/28/2023,1324.67,1328.03,FALSE,0
941,127,429,12/19/2022,618.1,838.97,FALSE,0
942,112,195,4/16/2023,0,719.18,TRUE,35
943,306,548,4/6/2024,615.94,1294.71,FALSE,0
944,98,368,4/15/2023,0,1039.26,TRUE,39
945,433,186,6/19/2021,293.24,622.88,FALSE,0
946,286,265,5/18/2021,818.48,1464.11,FALSE,0
947,371,188,10/2/2020,1706.07,1896.5,FALSE,0
948,355,92,4/5/2021,107.95,483.39,FALSE,0
949,102,315,11/22/2023,771.48,869.92,FALSE,0
950,418,267,10/20/2021,552.74,1191.86,FALSE,0
951,372,482,3/2/2020,98.12,154.67,FALSE,0
952,350,73,8/13/2023,188.87,970.83,FALSE,0
953,49,391,9/9/2023,0,1083.19,TRUE,44
954,115,155,5/5/2024,63.67,317.86,FALSE,0
955,212,469,10/25/2023,283.98,329.29,FALSE,0
956,72,83,1/22/2022,631.52,1000.78,FALSE,0
957,95,321,7/31/2024,6.07,1287.27,FALSE,0
958,89,215,6/4/2020,0,1534.33,TRUE,54
959,431,163,11/7/2023,767.14,1004.68,FALSE,0
960,29,133,8/31/2023,790.74,1248.24,FALSE,0
961,21,440,5/16/2024,740.72,1932.39,FALSE,0
962,233,547,3/9/2022,163.74,438.86,FALSE,0
963,153,330,12/8/2022,0,1525.85,TRUE,33
964,32,5,11/28/2020,316.51,1272.04,FALSE,0
965,490,353,9/17/2024,67.64,658.58,FALSE,0
966,138,314,5/31/2020,309.51,375.69,FALSE,0
967,47,298,9/19/2020,488.58,939.06,FALSE,0
968,245,346,10/23/2020,615.11,895.65,FALSE,0
969,392,351,11/20/2019,0,1992.47,TRUE,34
970,455,193,9/2/2024,336.93,371.52,FALSE,0
971,447,414,11/3/2022,19.58,87.29,FALSE,0
972,401,217,12/10/2022,873.6,1481.45,FALSE,0
973,385,127,6/13/2024,497.57,764.85,FALSE,0
974,187,385,2/6/2023,450,1759.26,FALSE,0
975,305,50,10/15/2020,57.94,1208.15,FALSE,0
976,38,21,4/29/2020,16.68,144.06,FALSE,0
977,188,390,4/18/2021,73.55,291.01,FALSE,0
978,221,157,6/5/2024,309.08,450.72,FALSE,0
979,8,309,3/15/2020,87.92,870.7,FALSE,0
980,135,277,2/4/2022,0,1264.46,TRUE,56
981,384,108,10/22/2020,647.09,1047.59,FALSE,0
982,91,117,9/15/2020,786.57,1580.28,FALSE,0
983,118,205,2/12/2024,1302.98,1567.02,FALSE,0
984,361,207,11/13/2020,306.48,747.95,FALSE,0
985,462,41,5/3/2024,1018.57,1118.87,FALSE,0
986,475,493,10/8/2020,0,694.68,TRUE,34
987,355,92,11/7/2023,1518.8,1818.42,FALSE,0
988,318,506,1/21/2024,30.7,340.83,FALSE,0
989,310,77,8/30/2024,147.98,1460.95,FALSE,0
990,51,237,3/3/2023,919.3,940.66,FALSE,0
991,425,476,6/1/2022,120.07,147.66,FALSE,0
992,462,41,3/29/2024,616.64,1711.88,FALSE,0
993,95,321,4/2/2024,102.07,880.69,FALSE,0
994,379,47,12/27/2022,9.53,68.86,FALSE,0
995,122,175,7/27/2021,618.02,690.89,FALSE,0
996,260,275,8/9/2024,0,1763.03,TRUE,47
997,392,351,9/24/2024,0,406.6,TRUE,47
998,151,468,5/17/2024,223.74,580.07,FALSE,0
999,479,490,9/3/2021,0,1609.8,TRUE,49
1000,320,171,10/30/2022,188.29,270.46,FALSE,0
1001,469,164,6/23/2022,0,252.24,TRUE,43
1002,44,449,9/15/2022,153.21,403.46,FALSE,0
1003,402,30,1/27/2021,0,1732.02,TRUE,48
1004,173,134,5/23/2023,0,992.01,TRUE,47
1005,382,422,1/23/2023,0,909.34,TRUE,41
1006,27,322,1/3/2020,0,74.1,TRUE,44
1007,96,230,6/24/2024,0,1956.9,TRUE,53
1008,36,532,7/19/2023,749.66,1070.05,FALSE,0
1009,195,444,6/28/2024,333.18,1340.34,FALSE,0
1010,158,395,8/5/2022,0,339.88,TRUE,55
1011,14,56,9/15/2023,67.94,72.71,FALSE,0
1012,419,481,12/28/2019,1487.7,1711.15,FALSE,0
1013,473,504,7/8/2022,0,675.24,TRUE,59
1014,322,52,9/8/2024,571.7,1038.51,FALSE,0
1015,4,413,6/13/2022,0,1643.35,TRUE,38
1016,147,459,6/3/2020,110.48,221.64,FALSE,0
1017,362,122,5/2/2023,0,1962.31,TRUE,37
1018,83,106,9/28/2022,29.98,836.71,FALSE,0
1019,178,1,6/15/2020,1314.77,1660.52,FALSE,0
1020,262,312,12/14/2021,0,1785.72,TRUE,36
1021,151,468,2/14/2024,691.51,1903.19,FALSE,0
1022,450,229,3/31/2020,0,1696.42,TRUE,57
1023,94,485,10/7/2021,525.86,1447.48,FALSE,0
1024,91,117,9/22/2020,158.14,240,FALSE,0
1025,456,350,8/23/2024,470.51,742.52,FALSE,0
1026,405,299,2/4/2021,418.01,1118,FALSE,0
1027,379,47,7/12/2024,885.82,1798.91,FALSE,0
1028,217,420,12/1/2020,157.95,258.57,FALSE,0
1029,364,124,12/15/2023,732.33,1863.92,FALSE,0
1030,491,196,8/14/2020,156.02,1447.74,FALSE,0
1031,478,48,11/3/2023,1555.11,1856.92,FALSE,0
1032,385,127,11/8/2022,700.84,1555.68,FALSE,0
1033,110,517,7/21/2024,0,312.54,TRUE,43
1034,305,50,6/14/2022,488.55,1128.79,FALSE,0
1035,389,495,4/13/2020,0,1852.52,TRUE,37
1036,109,182,11/3/2020,242.94,1399.04,FALSE,0
1037,237,132,11/30/2021,0,251.93,TRUE,47
1038,153,330,9/1/2023,0,1033.01,TRUE,50
1039,294,255,1/20/2024,562.27,583.51,FALSE,0
1040,144,302,6/10/2023,124.44,933.05,FALSE,0
1041,35,525,6/22/2022,443.96,632.88,FALSE,0
1042,27,322,10/31/2022,0,1438.15,TRUE,55
1043,397,223,1/21/2024,275.71,441.73,FALSE,0
1044,261,354,9/24/2020,244.95,1846.32,FALSE,0
1045,126,183,7/13/2021,0,1032.59,TRUE,57
1046,287,119,10/2/2023,862.26,1533.51,FALSE,0
1047,167,428,11/12/2020,1219.92,1364.77,FALSE,0
1048,274,293,4/30/2021,0,1761.08,TRUE,46
1049,1,536,3/25/2020,98.12,257.62,FALSE,0
1050,75,58,9/1/2023,329.94,439.81,FALSE,0
1051,308,294,5/18/2021,0,1382.61,TRUE,42
1052,114,303,12/12/2022,242.34,447.8,FALSE,0
1053,448,464,6/3/2023,216.87,249.84,FALSE,0
1054,96,230,12/29/2021,0,1497.7,TRUE,58
1055,73,524,2/14/2021,1261.66,1579.4,FALSE,0
1056,200,49,1/21/2023,719.55,1856.65,FALSE,0
1057,95,321,3/27/2023,104.02,1933.37,FALSE,0
1058,77,258,5/16/2024,0,446.02,TRUE,44
1059,113,454,5/18/2020,1520.79,1668.47,FALSE,0
1060,146,377,9/22/2020,0,1522.46,TRUE,38
1061,467,202,1/22/2020,1507.66,1563.49,FALSE,0
1062,239,460,4/7/2023,270.32,395.98,FALSE,0
1063,325,178,6/19/2021,177.05,1483.4,FALSE,0
1064,329,439,3/8/2020,157.03,594.27,FALSE,0
1065,229,262,9/3/2021,28.45,61.01,FALSE,0
1066,174,159,12/25/2019,118.75,127.88,FALSE,0
1067,210,53,11/9/2020,974.72,1558.64,FALSE,0
1068,8,309,1/20/2022,576.44,1006.57,FALSE,0
1069,408,75,10/7/2022,501.85,1578.86,FALSE,0
1070,427,189,4/21/2022,0,1065.18,TRUE,57
1071,193,426,11/28/2020,0,1109.01,TRUE,42
1072,276,227,7/8/2022,1175.84,1772.62,FALSE,0
1073,315,370,7/5/2023,591.54,622.47,FALSE,0
1074,120,544,2/19/2020,547.85,975.97,FALSE,0
1075,488,10,12/28/2021,94.71,273.71,FALSE,0
1076,242,250,11/8/2019,1310.4,1919.85,FALSE,0
1077,49,391,10/29/2022,0,1836.07,TRUE,55
1078,40,263,3/13/2024,312.09,1103.46,FALSE,0
1079,184,530,10/6/2020,619.85,1653.11,FALSE,0
1080,294,521,6/16/2023,40.29,918.84,FALSE,0
1081,39,198,2/11/2022,55.55,674.61,FALSE,0
1082,170,172,6/27/2020,1503.86,1944.68,FALSE,0
1083,100,8,9/27/2022,268.22,1272.52,FALSE,0
1084,429,219,8/18/2024,736.7,1736.65,FALSE,0
1085,263,211,1/18/2024,772.05,1098.62,FALSE,0
1086,358,446,8/20/2021,1231.82,1310.79,FALSE,0
1087,376,158,8/26/2023,69.05,96.32,FALSE,0
1088,326,90,6/28/2023,34.32,192.83,FALSE,0
1089,350,73,9/11/2020,266.61,1171.18,FALSE,0
1090,461,418,9/14/2023,0,806.66,TRUE,54
1091,407,324,10/23/2023,55.84,82.94,FALSE,0
1092,400,7,4/6/2021,0,1300.77,TRUE,32
1093,379,47,1/5/2021,102.84,1416.72,FALSE,0
1094,333,515,11/23/2021,0,256.96,TRUE,31
1095,25,89,4/30/2024,555.05,598.96,FALSE,0
1096,8,405,2/23/2023,50.95,1653.14,FALSE,0
1097,233,547,5/1/2022,357.5,478.74,FALSE,0
1098,114,303,8/23/2020,276.95,1922.26,FALSE,0
1099,344,383,8/2/2020,21.37,1916.91,FALSE,0
1100,176,145,6/26/2021,0,290.31,TRUE,33
1101,249,404,11/19/2022,0,1097.45,TRUE,48
1102,46,216,2/1/2023,1363.61,1509.18,FALSE,0
1103,401,217,2/7/2024,552.06,854.68,FALSE,0
1104,2,146,7/15/2023,80.34,363.86,FALSE,0
1105,498,259,7/9/2021,77.79,428.94,FALSE,0
1106,14,56,10/21/2022,1594.55,1710.21,FALSE,0
1107,44,473,2/22/2021,95.61,1307.12,FALSE,0
1108,22,69,4/5/2021,106.38,538.84,FALSE,0
1109,264,499,2/25/2022,680.53,1905.5,FALSE,0
1110,232,241,9/11/2020,0,245.09,TRUE,32
1111,56,199,8/29/2024,301.79,669.68,FALSE,0
1112,138,314,11/19/2019,213.69,1402.24,FALSE,0
1113,272,374,7/15/2023,1557.83,1625.01,FALSE,0
1114,32,5,6/28/2021,519.14,660.77,FALSE,0
1115,227,447,8/13/2020,211.93,589.53,FALSE,0
1116,349,340,10/21/2023,815.48,1761.88,FALSE,0
1117,239,313,10/20/2020,108.79,999.59,FALSE,0
1118,345,84,12/3/2023,1452.51,1691.5,FALSE,0
1119,467,202,12/5/2020,499.28,563.31,FALSE,0
1120,70,78,11/10/2023,1520.43,1789.61,FALSE,0
1121,444,32,2/6/2020,946.3,1634.65,FALSE,0
1122,453,218,1/17/2022,1002.41,1817.29,FALSE,0
1123,162,484,8/19/2023,0,1325.12,TRUE,54
1124,450,229,4/19/2021,0,1788.3,TRUE,60
1125,47,298,12/13/2023,155.88,311.07,FALSE,0
1126,107,407,3/14/2020,0,759.54,TRUE,36
1127,168,170,10/3/2022,0,1526.55,TRUE,33
1128,490,184,11/18/2019,653.17,1154.4,FALSE,0
1129,108,150,7/16/2021,718.02,1485.04,FALSE,0
1130,85,42,8/18/2022,232.46,476.7,FALSE,0
1131,495,271,10/26/2019,32.98,770.4,FALSE,0
1132,101,531,7/4/2020,657.5,1820.07,FALSE,0
1133,247,466,11/20/2023,70.59,1769.03,FALSE,0
1134,417,332,10/12/2023,243.36,251.29,FALSE,0
1135,69,281,3/20/2024,441.84,1678,FALSE,0
1136,186,179,5/26/2022,0,784.49,TRUE,53
1137,58,80,10/22/2021,0,1057.49,TRUE,55
1138,450,229,3/30/2024,0,1056.92,TRUE,48
1139,261,354,4/15/2023,481.81,999.38,FALSE,0
1140,400,7,8/4/2023,0,1028.58,TRUE,33
1141,33,236,7/31/2020,128.9,200.32,FALSE,0
1142,260,154,7/18/2021,150.13,414.47,FALSE,0
1143,362,122,2/1/2023,0,1339.16,TRUE,33
1144,91,117,2/7/2021,473.53,988.96,FALSE,0
1145,377,166,9/6/2022,539.17,1312.16,FALSE,0
1146,420,45,7/28/2022,177.34,299.38,FALSE,0
1147,35,525,9/4/2021,72.35,126.42,FALSE,0
1148,320,171,5/25/2020,99.67,553.61,FALSE,0
1149,383,416,10/10/2023,686.89,1218.75,FALSE,0
1150,343,291,8/16/2023,410.91,1897.15,FALSE,0
1151,90,483,10/24/2020,297,1741.24,FALSE,0
1152,265,421,9/30/2024,970.73,1221.64,FALSE,0
1153,422,187,2/9/2021,646.3,1265.26,FALSE,0
1154,392,351,3/12/2024,0,1848.59,TRUE,49
1155,33,236,9/12/2023,104.12,787.51,FALSE,0
1156,270,208,4/3/2023,972.35,1069.29,FALSE,0
1157,117,430,3/19/2020,1006.18,1661.7,FALSE,0
1158,141,488,2/4/2022,1084.55,1808.14,FALSE,0
1159,54,545,10/20/2023,121.22,1031.49,FALSE,0
1160,173,134,9/25/2020,0,1808.87,TRUE,58
1161,423,442,9/2/2024,395.56,1067.99,FALSE,0
1162,391,543,10/27/2021,831.87,886.46,FALSE,0
1163,49,391,1/18/2024,0,733.51,TRUE,50
1164,226,101,10/29/2022,223.9,879.7,FALSE,0
1165,370,239,8/3/2024,152.94,1824.67,FALSE,0
1166,148,419,4/2/2021,3.02,552.72,FALSE,0
1167,100,8,5/4/2023,138.69,1177.07,FALSE,0
1168,187,385,5/30/2020,912.23,1326.36,FALSE,0
1169,148,419,1/27/2022,117.08,756.43,FALSE,0
1170,471,260,9/19/2023,299.97,559.54,FALSE,0
1171,151,375,8/22/2021,1232.97,1243.17,FALSE,0
1172,309,209,10/20/2023,0,855.79,TRUE,51
1173,490,184,10/14/2023,428.35,771.92,FALSE,0
1174,102,315,12/6/2019,910.78,1176.42,FALSE,0
1175,149,142,4/28/2022,1132.15,1717.25,FALSE,0
1176,33,236,9/4/2020,643.97,920.86,FALSE,0
1177,334,103,4/18/2022,0,468.19,TRUE,52
1178,93,54,10/2/2024,350.56,363.44,FALSE,0
1179,199,94,4/30/2022,780.78,1655.35,FALSE,0
1180,358,446,10/6/2024,58.37,221.87,FALSE,0
1181,72,82,5/17/2021,0,1237.61,TRUE,41
1182,130,411,10/28/2022,0,1247.23,TRUE,55
1183,273,59,12/23/2021,0,1894.15,TRUE,51
1184,231,507,4/1/2022,182.75,906,FALSE,0
1185,101,531,4/6/2022,20.42,607.71,FALSE,0
1186,28,523,5/29/2022,244.61,1055.84,FALSE,0
1187,194,37,5/8/2021,492.24,751.49,FALSE,0
1188,381,162,10/10/2023,60.52,219.34,FALSE,0
1189,371,362,10/4/2021,549.73,1355.84,FALSE,0
1190,101,531,12/27/2020,56.26,79.96,FALSE,0
1191,302,93,4/12/2023,0,1121.71,TRUE,43
1192,31,357,5/5/2020,0,727.58,TRUE,51
1193,367,200,12/24/2022,378.42,936.78,FALSE,0
1194,156,268,5/28/2022,198.1,391.32,FALSE,0
1195,408,75,7/11/2020,350.57,1031.18,FALSE,0
1196,202,526,10/25/2020,1678.26,1915.58,FALSE,0
1197,430,257,4/19/2020,1356.02,1403.67,FALSE,0
1198,257,496,8/29/2022,0,1551.44,TRUE,38
1199,434,470,4/12/2023,1236.4,1379.11,FALSE,0
1200,6,29,10/28/2021,255.2,989.84,FALSE,0
1201,30,226,1/20/2020,315,1369.98,FALSE,0
1202,378,423,3/31/2020,988.13,1913.12,FALSE,0
1203,137,270,1/24/2024,49.68,534.1,FALSE,0
1204,392,351,10/16/2024,0,198.26,TRUE,58
1205,27,322,12/1/2022,0,739.4,TRUE,50
1206,371,188,9/23/2024,1295.77,1896.88,FALSE,0
1207,112,195,6/17/2020,0,1023.05,TRUE,51
1208,157,248,12/1/2020,362.25,1751.85,FALSE,0
1209,86,256,2/24/2021,598.43,1680.85,FALSE,0
1210,108,110,3/1/2024,22.27,283.76,FALSE,0
1211,346,505,11/20/2022,952.98,1246.96,FALSE,0
1212,183,44,7/7/2023,632.38,1703.62,FALSE,0
1213,346,505,11/16/2022,1586.96,1801.34,FALSE,0
1214,65,282,5/13/2022,991.35,1007.07,FALSE,0
1215,73,524,11/23/2022,132.48,596.52,FALSE,0
1216,237,132,1/25/2023,0,155.59,TRUE,54
1217,104,34,12/21/2023,405.46,1029.83,FALSE,0
1218,186,179,3/10/2024,0,941.53,TRUE,52
1219,17,472,4/25/2023,5.6,665.52,FALSE,0
1220,46,216,10/22/2024,79.58,789.88,FALSE,0
1221,232,266,10/3/2023,109.07,414.95,FALSE,0
1222,90,483,8/8/2022,658.45,1919.13,FALSE,0
1223,289,511,5/20/2022,367.41,876.69,FALSE,0
1224,324,382,10/1/2021,305.21,761.9,FALSE,0
1225,106,185,5/13/2023,1140.12,1164.25,FALSE,0
1226,129,235,11/10/2020,0,1637.67,TRUE,56
1227,37,242,10/8/2024,970.12,1132.91,FALSE,0
1228,108,150,1/15/2022,1189.1,1610.07,FALSE,0
1229,488,10,11/6/2021,197.03,394.38,FALSE,0
1230,184,530,6/7/2020,344.54,1091.27,FALSE,0
1231,332,308,5/23/2021,463.08,539.4,FALSE,0
1232,172,408,3/29/2021,39.69,243,FALSE,0
1233,218,261,11/4/2022,0,979.25,TRUE,32
1234,439,343,11/27/2020,200.53,556.55,FALSE,0
1235,317,264,2/10/2020,296.91,721.07,FALSE,0
1236,394,204,7/27/2024,763.5,1174.86,FALSE,0
1237,186,179,6/25/2022,0,1959.78,TRUE,54
1238,28,523,5/19/2024,736.98,1000.61,FALSE,0
1239,12,81,8/25/2024,227.24,793.09,FALSE,0
1240,28,149,10/22/2023,1116.6,1743.1,FALSE,0
1241,245,346,9/20/2021,534.27,872.54,FALSE,0
1242,440,74,5/4/2024,0,204.27,TRUE,56
1243,290,325,9/1/2021,0,1323.38,TRUE,58
1244,8,405,10/29/2022,257.57,578.93,FALSE,0
1245,159,372,5/6/2021,0,1508.4,TRUE,52
1246,307,424,4/27/2020,321.41,376.27,FALSE,0
1247,232,241,10/19/2020,0,1340.94,TRUE,49
1248,72,82,8/22/2021,0,460.61,TRUE,32
1249,451,66,1/27/2023,0,1876.75,TRUE,40
1250,370,27,6/2/2024,813.91,1553.32,FALSE,0
1251,465,107,11/15/2023,87.23,561.78,FALSE,0
1252,84,400,5/29/2024,161.62,653.27,FALSE,0
1253,113,454,12/26/2023,166.94,1271.64,FALSE,0
1254,122,175,5/8/2020,70.14,105.71,FALSE,0
1255,207,334,7/16/2023,810.71,1735.27,FALSE,0
1256,484,279,10/15/2021,0,1119.66,TRUE,58
1257,109,182,4/16/2020,548.82,1202.12,FALSE,0
1258,358,446,1/12/2020,684.77,1070.75,FALSE,0
1259,499,356,9/5/2021,0,989.22,TRUE,48
1260,197,453,12/10/2021,268.07,650.34,FALSE,0
1261,252,311,9/4/2022,36.94,70.58,FALSE,0
1262,281,140,9/23/2021,0,720.58,TRUE,45
1263,473,504,12/12/2023,0,1896.57,TRUE,50
1264,452,441,9/16/2023,958.81,1606.03,FALSE,0
1265,100,8,6/2/2021,211.01,1119.01,FALSE,0
1266,497,448,4/10/2023,133.84,819.77,FALSE,0
1267,84,400,12/30/2021,367.38,1665.43,FALSE,0
1268,131,433,6/27/2020,0,1269.38,TRUE,48
1269,484,279,10/2/2023,0,605.12,TRUE,38
1270,211,276,1/11/2024,729.86,855.16,FALSE,0
1271,281,140,2/11/2023,0,614.71,TRUE,59
1272,448,464,6/1/2021,361.61,580.66,FALSE,0
1273,406,329,5/31/2020,4.36,87.82,FALSE,0
1274,274,23,1/15/2024,42.2,412.58,FALSE,0
1275,462,129,9/25/2020,1050.4,1444.63,FALSE,0
1276,302,93,7/22/2023,0,343.83,TRUE,38
1277,443,431,5/29/2020,0,657.57,TRUE,60
1278,424,475,1/4/2020,44.72,1409.02,FALSE,0
1279,108,150,7/19/2020,123.54,159.27,FALSE,0
1280,372,482,12/10/2023,361.98,404.13,FALSE,0
1281,49,391,9/17/2021,0,1665.09,TRUE,33
1282,294,255,11/9/2023,780.33,800.36,FALSE,0
1283,155,35,3/1/2020,0,438.4,TRUE,56
1284,175,534,9/5/2024,281.14,1348.72,FALSE,0
1285,124,320,4/28/2020,297.49,1875.62,FALSE,0
1286,183,44,1/15/2023,825.58,1502.21,FALSE,0
1287,471,260,2/19/2023,295.35,988.4,FALSE,0
1288,93,54,2/20/2024,377.67,1734.13,FALSE,0
1289,37,242,2/2/2020,416.73,1284.17,FALSE,0
1290,313,283,7/13/2024,0,1190.16,TRUE,38
1291,488,10,12/29/2022,1126.84,1939.23,FALSE,0
1292,20,487,7/6/2023,215.81,1392.39,FALSE,0
1293,355,92,10/24/2021,267.46,535.01,FALSE,0
1294,285,347,12/5/2019,1859.51,1865.16,FALSE,0
1295,192,62,10/3/2020,107.36,166.56,FALSE,0
1296,69,550,8/9/2021,200.49,1593.36,FALSE,0
1297,290,325,6/21/2021,0,1964.27,TRUE,33
1298,499,356,2/2/2023,0,1620.77,TRUE,40
1299,454,22,9/8/2023,499.3,1394.04,FALSE,0
1300,430,257,1/23/2023,874.7,1802.39,FALSE,0
1301,144,302,4/12/2023,543.18,1108.33,FALSE,0
1302,338,192,8/15/2021,359.31,1110.06,FALSE,0
1303,65,282,4/8/2023,1042.86,1741.94,FALSE,0
1304,288,165,2/9/2020,28.57,184.31,FALSE,0
1305,137,270,9/2/2024,502.27,1106.13,FALSE,0
1306,472,519,1/6/2020,146.41,789.13,FALSE,0
1307,216,373,2/16/2022,373.28,1563.23,FALSE,0
1308,356,65,8/30/2022,718.78,1333.66,FALSE,0
1309,112,195,2/15/2020,0,1071.94,TRUE,44
1310,376,158,11/5/2022,401.78,1245.43,FALSE,0
1311,153,330,3/20/2021,0,265.41,TRUE,38
1312,420,45,3/20/2022,217.84,1678.63,FALSE,0
1313,169,33,9/26/2020,215.53,444.05,FALSE,0
1314,169,33,6/15/2024,973.01,1163.47,FALSE,0
1315,197,502,2/8/2024,754.16,1075.35,FALSE,0
1316,470,51,8/3/2021,463.18,764.39,FALSE,0
1317,436,14,4/18/2024,389.07,1863.91,FALSE,0
1318,72,82,7/10/2020,0,962.72,TRUE,42
1319,193,426,7/18/2023,0,1652.95,TRUE,57
1320,116,273,1/28/2020,794.21,1081.59,FALSE,0
1321,262,312,3/23/2022,0,201.97,TRUE,49
1322,88,100,2/15/2023,0,247.39,TRUE,37
1323,112,195,7/11/2022,0,426.58,TRUE,40
1324,490,184,2/19/2020,635.68,1138.93,FALSE,0
1325,292,109,1/8/2024,0,1544.25,TRUE,36
1326,434,470,3/26/2020,606.43,1419.97,FALSE,0
1327,320,171,12/22/2019,877.36,1595.3,FALSE,0
1328,245,346,8/18/2022,711.26,1332.19,FALSE,0
1329,113,454,11/28/2019,1687.97,1870.36,FALSE,0
1330,445,333,2/24/2021,699.94,1697.47,FALSE,0
1331,452,441,4/3/2020,537.25,1661,FALSE,0
1332,206,220,11/9/2019,0,781.37,TRUE,38
1333,218,261,3/29/2022,0,752.02,TRUE,36
1334,107,407,3/6/2023,0,50.38,TRUE,60
1335,435,17,3/28/2020,1052.36,1059.34,FALSE,0
1336,400,7,11/11/2020,0,635.65,TRUE,58
1337,34,323,1/7/2021,75.88,92.32,FALSE,0
1338,313,283,4/24/2022,0,1842.27,TRUE,59
1339,174,159,10/7/2022,107.66,233.86,FALSE,0
1340,149,142,6/10/2022,504.18,566.73,FALSE,0
1341,370,239,6/22/2024,165.07,549.68,FALSE,0
1342,241,410,9/14/2020,252.16,1159.68,FALSE,0
1343,445,333,11/25/2021,275.98,1596.16,FALSE,0
1344,61,98,11/10/2020,363.69,1210.7,FALSE,0
1345,49,391,11/12/2020,0,203.03,TRUE,36
1346,439,343,8/21/2022,595.26,728.46,FALSE,0
1347,364,124,2/4/2022,395.87,1746.08,FALSE,0
1348,182,12,2/12/2022,813.05,1286.08,FALSE,0
1349,239,313,6/14/2022,342.48,1072.55,FALSE,0
1350,260,154,5/24/2021,479.59,687.32,FALSE,0
1351,322,52,1/8/2020,1360,1363.59,FALSE,0
1352,82,457,7/31/2020,873.26,1518.04,FALSE,0
1353,230,228,4/24/2023,0,892.27,TRUE,40
1354,388,136,4/26/2020,0,705.53,TRUE,55
1355,470,51,12/19/2021,293.78,1118.9,FALSE,0
1356,81,514,1/4/2020,626.17,897.26,FALSE,0
1357,139,139,5/1/2020,0,987.8,TRUE,57
1358,43,201,7/2/2023,0,1144.28,TRUE,49
1359,145,253,2/11/2020,139.12,522.51,FALSE,0
1360,417,332,12/25/2021,797.92,1385.24,FALSE,0
1361,307,424,3/11/2024,305.08,875.9,FALSE,0
1362,490,353,2/20/2021,29.24,1208.06,FALSE,0
1363,48,174,3/20/2021,1217.6,1975.92,FALSE,0
1364,197,453,1/15/2023,557.28,1265.21,FALSE,0
1365,449,240,12/1/2019,164.25,439.39,FALSE,0
1366,165,88,10/30/2022,0,269.12,TRUE,54
1367,277,152,5/18/2023,1430.37,1744.07,FALSE,0
1368,446,352,12/25/2022,156.11,1402.9,FALSE,0
1369,90,483,3/2/2020,19.72,94.36,FALSE,0
1370,401,217,9/19/2022,234.11,447.41,FALSE,0
1371,389,495,8/18/2023,0,1264.93,TRUE,39
1372,460,19,5/30/2020,0,784.38,TRUE,53
1373,420,45,4/24/2020,32.95,548.14,FALSE,0
1374,335,278,11/28/2022,100.52,153.52,FALSE,0
1375,22,69,7/5/2024,219.18,807.86,FALSE,0
1376,102,369,4/10/2023,33.11,1735.35,FALSE,0
1377,203,396,11/4/2019,190.65,500.78,FALSE,0
1378,177,102,3/16/2020,878.47,1812.55,FALSE,0
1379,54,545,8/6/2021,44.08,221.64,FALSE,0
1380,212,469,12/3/2022,814.59,1143.34,FALSE,0
1381,403,254,7/27/2024,0,1848.43,TRUE,46
1382,298,403,10/8/2021,27.59,1501.56,FALSE,0
1383,63,361,11/25/2021,224.63,742.99,FALSE,0
1384,313,283,5/7/2022,0,1633.19,TRUE,57
1385,413,397,6/5/2020,0,1786.28,TRUE,41
1386,464,287,4/1/2023,167.44,489.89,FALSE,0
1387,411,141,7/6/2023,0,221.2,TRUE,58
1388,414,233,4/10/2021,494.87,863.8,FALSE,0
1389,124,320,7/12/2020,600.61,1823.98,FALSE,0
1390,366,135,5/28/2022,62.8,453.18,FALSE,0
1391,270,208,10/5/2021,535.2,1732.05,FALSE,0
1392,347,537,9/23/2023,784.29,1823.65,FALSE,0
1393,28,149,5/11/2023,751.05,1329.65,FALSE,0
1394,426,326,10/2/2024,97.13,182.24,FALSE,0
1395,362,122,6/20/2021,0,409.06,TRUE,39
1396,279,31,1/26/2023,1357.69,1542.6,FALSE,0
1397,382,422,5/12/2022,0,641.53,TRUE,47
1398,69,281,8/8/2021,65.09,346.32,FALSE,0
1399,314,190,5/3/2020,99.67,101.09,FALSE,0
1400,23,274,6/16/2022,753.77,1230.93,FALSE,0
1401,328,238,7/9/2020,13.05,500.28,FALSE,0
1402,459,489,8/1/2024,263.55,311.47,FALSE,0
1403,344,383,9/28/2022,158.37,408.75,FALSE,0
1404,411,141,1/25/2023,0,369.38,TRUE,32
1405,359,16,1/18/2023,1762.24,1854.6,FALSE,0
1406,270,208,1/1/2021,101.03,1527.66,FALSE,0
1407,412,450,2/8/2020,852.94,1740.9,FALSE,0
1408,212,469,7/14/2023,761.39,1780.79,FALSE,0
1409,363,43,5/11/2023,1018.42,1235.46,FALSE,0
1410,95,321,9/25/2021,768.77,818.59,FALSE,0
1411,69,550,4/14/2021,940.77,1074.2,FALSE,0
1412,161,40,9/16/2023,481.09,1065.27,FALSE,0
1413,183,44,9/22/2021,432.88,1761.67,FALSE,0
1414,179,406,10/24/2022,0,1968.47,TRUE,37
1415,369,529,10/4/2024,1484.38,1542.06,FALSE,0
1416,405,299,4/28/2024,802.26,907.13,FALSE,0
1417,274,293,8/23/2021,0,949.63,TRUE,39
1418,14,56,4/12/2024,1261,1395.41,FALSE,0
1419,415,463,7/24/2020,113.33,226.36,FALSE,0
1420,139,139,4/13/2023,0,816.48,TRUE,49
1421,490,184,7/1/2023,838.05,934.68,FALSE,0
1422,361,207,1/13/2023,159.71,1770.97,FALSE,0
1423,110,168,10/29/2021,179.24,1450.83,FALSE,0
1424,160,461,9/22/2024,0,1286.44,TRUE,47
1425,496,394,7/12/2020,1431,1467.4,FALSE,0
1426,469,164,5/17/2022,0,788.42,TRUE,58
1427,122,175,5/22/2024,1034.22,1828.89,FALSE,0
1428,260,154,10/16/2024,52.95,366.14,FALSE,0
1429,210,53,10/1/2022,268.72,868.18,FALSE,0
1430,82,457,3/3/2021,110.79,613.12,FALSE,0
1431,366,135,3/24/2021,6.79,1922.85,FALSE,0
1432,471,260,2/13/2022,36.73,73.81,FALSE,0
1433,379,6,10/13/2022,609.71,1235.57,FALSE,0
1434,141,488,2/10/2021,413.06,934.79,FALSE,0
1435,400,7,10/7/2024,0,527.19,TRUE,43
1436,52,213,12/25/2022,21.55,145.39,FALSE,0
1437,55,358,1/9/2021,103.83,121.61,FALSE,0
1438,32,306,3/8/2023,61.01,695.67,FALSE,0
1439,19,427,11/6/2021,0,1987.78,TRUE,53
1440,109,182,10/10/2024,1449.42,1934.27,FALSE,0
1441,194,37,11/6/2019,69.32,231.6,FALSE,0
1442,278,389,1/29/2022,0,1649.52,TRUE,47
1443,225,67,6/1/2024,83.56,621.02,FALSE,0
1444,65,282,10/25/2021,286.3,691.96,FALSE,0
1445,89,215,10/10/2022,0,1243.5,TRUE,43
1446,243,542,10/31/2020,955.24,1975.02,FALSE,0
1447,437,295,9/8/2020,0,882.75,TRUE,57
1448,125,539,8/7/2020,730.15,1171.53,FALSE,0
1449,29,133,3/14/2024,619.44,1247.87,FALSE,0
1450,339,510,7/18/2021,181.77,1010.38,FALSE,0
1451,370,239,9/8/2024,1402.04,1431.74,FALSE,0
1452,362,122,11/18/2019,0,96.77,TRUE,37
1453,52,213,4/7/2021,1607.52,1609.15,FALSE,0
1454,379,47,8/9/2024,392.79,700.89,FALSE,0
1455,453,218,12/29/2022,14.49,72.03,FALSE,0
1456,218,261,2/15/2021,0,1590.88,TRUE,38
1457,417,332,2/5/2024,175.96,1545.71,FALSE,0
1458,456,350,11/20/2023,467.82,822.3,FALSE,0
1459,402,30,2/17/2023,0,1672.48,TRUE,60
1460,285,347,7/21/2022,885.61,1848.45,FALSE,0
1461,194,37,12/12/2023,630.29,1309.02,FALSE,0
1462,17,472,4/14/2020,960.91,1789.51,FALSE,0
1463,198,474,6/23/2024,653.54,1578.78,FALSE,0
1464,75,58,3/6/2021,502.44,1678.46,FALSE,0
1465,407,324,6/7/2023,21.2,1132.6,FALSE,0
1466,349,340,8/3/2024,1428.92,1609.09,FALSE,0
1467,259,68,4/16/2020,544.3,1940.75,FALSE,0
1468,493,348,2/7/2022,0,1968.06,TRUE,33
1469,168,170,11/6/2020,0,1163.41,TRUE,51
1470,342,120,7/21/2022,1304.64,1735.96,FALSE,0
1471,34,323,2/13/2024,389.38,1434.19,FALSE,0
1472,128,509,3/8/2024,654.08,1760.25,FALSE,0
1473,53,310,7/8/2023,142.53,471.47,FALSE,0
1474,426,384,6/8/2021,0,1580.64,TRUE,37
1475,296,95,5/8/2020,22.82,915.36,FALSE,0
1476,327,513,10/16/2022,119.19,350.45,FALSE,0
1477,347,537,10/30/2023,214.47,655.2,FALSE,0
1478,226,101,11/25/2021,1550.71,1653.17,FALSE,0
1479,388,136,9/25/2021,0,450.11,TRUE,60
1480,222,535,6/22/2023,85.79,275.88,FALSE,0
1481,326,90,12/25/2021,622.36,699.92,FALSE,0
1482,175,534,11/25/2022,1151.17,1544.05,FALSE,0
1483,124,320,6/14/2024,271.91,1295.76,FALSE,0
1484,39,198,8/22/2021,324.05,608.81,FALSE,0
1485,312,452,8/31/2024,370.45,1358.69,FALSE,0
1486,69,281,6/4/2023,261.81,273.2,FALSE,0
1487,357,527,3/27/2020,0,249.63,TRUE,57
1488,71,327,12/25/2023,545.73,578.55,FALSE,0
1489,343,291,8/8/2020,200.3,1169.46,FALSE,0
1490,285,347,4/21/2024,56.01,1104.13,FALSE,0
1491,90,483,3/24/2024,91.4,1811.42,FALSE,0
1492,14,56,2/6/2021,85.41,217.93,FALSE,0
1493,82,457,1/29/2021,391.12,1251.81,FALSE,0
1494,248,203,2/27/2021,966.15,1440.15,FALSE,0
1495,12,81,3/6/2023,1472.7,1948.68,FALSE,0
1496,366,135,4/24/2021,185.5,231.19,FALSE,0
1497,213,480,11/20/2019,74.39,239.66,FALSE,0
1498,189,477,11/4/2021,916.71,967.56,FALSE,0
1499,286,265,3/26/2020,717.53,1830.08,FALSE,0
1500,74,339,8/25/2022,1401.36,1588.12,FALSE,0
